product_id,size,product,department,price
828044c8-832b-48b4-b1f0-89a500496335,M,"Wine - White, Lindemans Bin 95",Tools,$5.20
59d324db-d978-4aad-a56a-c40b8f372f7c,2XL,Sauce - Rosee,Outdoors,$69.37
9b24f6a7-566b-48ca-9f66-10022003864c,2XL,Pie Filling - Cherry,Grocery,$99.59
95c8d8f2-cdef-4720-a529-b6dcd5679b94,3XL,"Sauce - Soya, Dark",Outdoors,$90.08
11f4759d-0cfb-494a-a908-1bc504ca6d96,2XL,Pepper - Pablano,Electronics,$78.92
2d8a8e04-b259-45be-9ba3-d39f70150fd7,XS,Oil - Coconut,Grocery,$34.98
5905058a-db3f-4b15-aa05-aee5c9c16368,XL,"Cheese - Havarti, Salsa",Computers,$6.99
d4540ce1-c69c-49f6-9f8c-2f0f3edb895e,2XL,Pie Filling - Apple,Clothing,$89.90
d2033e56-3ab3-4a13-890c-80c48c842901,2XL,"Chilli Paste, Ginger Garlic",Tools,$25.60
a2df664d-9fa1-4a51-9e07-513c83419433,XS,"Crab - Claws, 26 - 30",Games,$22.45
15b7b201-6d46-4456-8dfa-0dbacfcf1de9,2XL,Beer - Muskoka Cream Ale,Kids,$31.92
1e875f62-3d6b-44be-8b65-9b5388cc8399,L,"Nut - Walnut, Chopped",Computers,$48.21
46e3bf53-0898-4ec0-ba1c-da5bf22c7ace,2XL,"Doilies - 12, Paper",Garden,$34.60
6b1f5211-d8e9-4046-8965-58caaae247f2,M,Cheese - Cottage Cheese,Baby,$44.69
142c1aa4-44b8-429e-a235-273dd477b726,XS,"Chocolate - Milk, Callets",Home,$20.38
ee50a832-a9e0-4847-a77e-61737093ed0e,M,Extract - Raspberry,Jewelry,$41.05
b00405fc-bc40-4a5f-812b-c27b82a50b4d,M,Sauce - Caesar Dressing,Baby,$95.40
3367bd81-a893-44da-8eac-2983778f7d57,2XL,Oil - Olive,Grocery,$4.35
f828879a-cc75-4990-acaa-0d4dd454c9a3,M,Beef - Eye Of Round,Toys,$90.93
d7b6e258-3046-40ad-a0be-60a89facdfe8,L,"Veal - Inside, Choice",Shoes,$22.05
5896f584-4ec6-4925-bbe2-65a3580bbdf8,3XL,"Vinegar - Balsamic, White",Garden,$45.54
b86d25e8-d13e-4342-b88c-ef8f21c311de,3XL,Pork - Smoked Kassler,Electronics,$24.95
fb3f2877-c85d-41b6-ae74-9d05b3eba1b5,M,"Sparkling Wine - Rose, Freixenet",Outdoors,$39.39
63a3a11c-6819-4307-a855-328fb1f54d77,L,Bay Leaf Ground,Tools,$82.81
fb4ee756-ac6f-4e72-b600-82c159f8b284,XS,Cup Translucent 9 Oz,Books,$5.72
3e09216d-9530-4550-8fd3-95831a703966,L,Chambord Royal,Movies,$99.67
c8628d98-ff4f-4840-905b-1b9e49cae01d,L,Celery,Grocery,$78.36
eaa8a67d-393e-4760-bab2-7632dd58e93d,L,Cheese - Cambozola,Tools,$31.04
cdc79931-139b-4e19-96cb-08cd5364998b,2XL,"Bread - Roll, Calabrese",Beauty,$1.44
5fee4208-2495-466d-84d0-e7b48d62d24f,M,Puree - Blackcurrant,Sports,$44.04
b53fe1f7-a97b-4449-b8d5-873815812cbd,M,"Soup - Campbells, Chix Gumbo",Movies,$4.82
5cca9951-2752-4f7a-a7a7-fdc06ec12cf0,2XL,Spice - Pepper Portions,Beauty,$44.93
8b609f0a-0bb7-43ff-8582-db972d559b50,3XL,Savory,Movies,$43.14
c5b13349-4284-44e6-84ef-2f5a87106173,L,Goulash Seasoning,Grocery,$33.95
419dc433-c0bb-4517-b5e7-fe6a4b105f31,XL,Wine - Vineland Estate Semi - Dry,Sports,$18.13
bc46c7c4-704f-45e0-a9e4-6bb2b5e1d998,3XL,Wine - Semi Dry Riesling Vineland,Toys,$52.70
f4610031-dedc-4428-95f0-fb45b749ba53,M,Wine - Conde De Valdemar,Baby,$30.35
fc6c0907-ac6c-4bd0-b606-2fe9c00092eb,L,Uniform Linen Charge,Tools,$73.65
dd1d0b6a-adc2-417e-b100-972b357b160a,XS,Tea - Apple Green Tea,Movies,$96.57
2b908fc4-e463-4d7d-9946-d3239894c3bf,3XL,Chicken - Leg / Back Attach,Grocery,$46.74
46c3a55e-ed6d-4665-8547-03119ac9ae8e,M,Turkey - Oven Roast Breast,Electronics,$94.22
219aa213-102a-4d2a-a5dc-13d76d074b1d,XS,"Red Snapper - Fillet, Skin On",Music,$68.39
891fd305-feb8-41d5-8db6-09c12bd1b710,M,Bar Nature Valley,Computers,$57.76
7dd6f7d4-c7b5-4a48-ab01-0adcbfe4c91c,M,Carbonated Water - Cherry,Kids,$41.92
a961fb8d-621d-4dcd-bd48-a770664dd482,M,Broom - Angled,Electronics,$68.48
0e329f4b-d6d7-413c-aa10-3784493810e1,3XL,"Pepper - Black, Whole",Games,$94.99
140d81ac-5849-480a-9830-482d96dcfb77,XL,"Nut - Cashews, Whole, Raw",Kids,$96.03
18f3e84f-2619-4698-a3d9-22bbb38b09d6,M,"Soup - Campbells, Beef Barley",Automotive,$60.31
78df61a4-fcfa-4af0-8498-7887fedba2fd,XS,Oil - Shortening - All - Purpose,Home,$91.58
c93ff98f-df37-47b1-908f-118df9547c00,2XL,Caviar - Salmon,Jewelry,$21.30
62e85413-0807-4226-926c-a1df7c62c9e4,2XL,"Bag - Bread, White, Plain",Computers,$5.24
0561c58f-776a-484b-b924-ef0856889215,3XL,Bread Country Roll,Electronics,$83.65
800f9ed5-c0d1-42a9-9eb1-3198b5a1d3ed,M,Breakfast Quesadillas,Sports,$43.72
0fd15be0-8b95-4f19-b90b-53aabf4c49df,XL,"Coconut - Shredded, Unsweet",Sports,$90.00
ac82451e-e5ba-4b50-8aa3-e664b2c804ff,3XL,Wine - Baron De Rothschild,Grocery,$79.06
b5f127d4-082e-43fd-92a6-1feed51dd16b,2XL,Skewers - Bamboo,Clothing,$76.83
aeb9b072-8309-498d-8c5d-16919a79a8fe,S,"Brandy - Orange, Mc Guiness",Beauty,$80.35
a045db6a-49da-4fad-91ca-9abdd44a8599,XS,Gooseberry,Electronics,$34.78
eef5227c-fadf-46e1-a8f1-be969e48965d,S,Irish Cream - Baileys,Toys,$70.12
893706d5-bedc-4248-ac64-084e423e40db,2XL,Soup - Campbells Mac N Cheese,Health,$56.51
5800157b-121c-4e00-98bb-d24ab83c57eb,L,Tuna - Sushi Grade,Shoes,$75.31
5a31a90e-eebd-4741-9245-7e529051b8fc,2XL,Steamers White,Sports,$99.32
bf3138c4-ff32-4a5e-8f84-a730177a505c,S,Sauce - Cranberry,Home,$70.33
5fd42b47-dd79-4d29-b2b0-a4f278c5a524,XL,Kale - Red,Outdoors,$1.26
9895a82b-5fbd-4d33-8f0d-52ade4ccccbf,XS,Sobe - Cranberry Grapefruit,Industrial,$93.45
41742008-b51e-4ff7-90ac-99ae33cc0b8a,M,Beans - Fava Fresh,Toys,$15.95
35a6dfe3-d459-47d3-8dd4-d26cc940b22c,3XL,Wakami Seaweed,Games,$9.38
d1fb8304-343b-4dad-83b0-880bd97bf92a,L,Beef Wellington,Computers,$72.85
6ebb4e8d-9762-44cf-bf37-6841bb257bf0,2XL,Squid Ink,Shoes,$49.10
a521f314-43e0-40cb-a172-80ddda77262d,L,"Bread - Sticks, Thin, Plain",Kids,$31.26
0c389ab7-a526-4008-91d2-0b71bfa8b86a,3XL,"Pasta - Spaghetti, Dry",Tools,$78.33
85e3a6ee-9b47-4fea-be5b-b5a33fbfe45e,XS,Garam Marsala,Computers,$67.89
3cfb9a74-9dbb-419e-97d1-8d21ec35b909,XL,Wine - White Cab Sauv.on,Jewelry,$38.49
4f33d6ef-f9c3-439a-afe9-bd87102460ad,XS,Glaze - Apricot,Games,$95.52
62fe94a3-e38f-419a-8a5c-caf93ccc4068,2XL,Vinegar - Tarragon,Garden,$90.35
f12fa05c-c856-44cc-82b3-17d85d5f1dc8,3XL,Pork Ham Prager,Games,$41.41
b96aa3e1-e323-4ebf-918f-e2577a17507d,2XL,Wine - Guy Sage Touraine,Toys,$96.40
5b908e17-3f19-49bc-b04b-5ace4a42fa9d,M,Rice - Aborio,Computers,$45.06
c0b9b08f-d82a-409d-82a3-7b39fcc642a1,3XL,Red Cod Fillets - 225g,Tools,$62.63
20502157-3efd-47ec-998e-e6681064cb0c,M,"Soup - Campbells, Chix Gumbo",Garden,$2.58
284e01d9-d6a0-418f-befb-107b2bb75700,S,Quail - Jumbo,Beauty,$58.88
a57863ff-0914-4cfe-b67b-1f948f3261eb,L,Pastry - Chocolate Chip Muffin,Books,$36.82
7e970888-f5c4-481f-b6c6-2494086b65a6,S,Bacon Strip Precooked,Home,$87.77
1c7fd05b-2b6d-4d43-8e46-13cd9b75f003,S,"Pepper - Green, Chili",Industrial,$50.62
356faa00-f9fa-4cfe-8b23-6b1437e8a164,L,Contreau,Garden,$88.72
2a0f02e7-fc2e-4308-8d73-1a625006722d,3XL,Pork - Smoked Back Bacon,Garden,$11.97
b44b2ca1-2032-4640-a03d-1a8fc66180a1,3XL,Glove - Cutting,Games,$82.26
a0cb80d6-5492-4e00-9eb1-14917407f647,S,"Onions - Dried, Chopped",Garden,$32.72
b5cc92f8-f54b-418d-a151-a98eb3f762f0,XL,"Nut - Walnut, Chopped",Health,$77.88
6d08d24c-4dea-428b-917b-9bbbcb50210c,S,"Brandy - Orange, Mc Guiness",Electronics,$35.38
6a8fd739-84c3-499c-a59f-2447c13de766,L,Cake - Bande Of Fruit,Computers,$57.12
6822ccd7-295e-4b20-b971-4350d98db2d6,XL,"Salsify, Organic",Home,$93.06
1c23e0a8-6f12-4e13-8d0e-2d4b3c70b6db,M,Longos - Penne With Pesto,Health,$29.29
c67b1f00-9ad3-430a-8f12-9056b3fce0dd,XL,Chocolate Bar - Smarties,Beauty,$28.66
6d3b80c0-cf54-425c-af0a-43cbe1c4849b,XS,Wine - Pinot Noir Stoneleigh,Health,$74.36
d8e595a6-af7e-46bf-ace6-59e7096e0953,XL,Iced Tea Concentrate,Electronics,$93.71
a54ecf5a-34ec-46fd-84cc-86fa60b24342,3XL,Soup - Cream Of Potato / Leek,Tools,$62.16
0806c92a-c299-4234-a95a-7dc0fe62e927,L,"Doilies - 10, Paper",Tools,$66.47
d6fa7fca-7f57-4b62-8e9c-22bc7a81c9a7,L,Uniform Linen Charge,Industrial,$94.85
8baf6983-466c-4a2a-93ad-e330ee9bc0c3,XS,Fennel - Seeds,Health,$5.68
9f0d5900-c539-4575-922a-a8f4bbe0d76f,S,Halibut - Steaks,Tools,$14.19
015a2cf6-91b8-4b68-8360-4f2e45bf819a,L,Tomatillo,Home,$71.65
ed9e5048-076f-49ac-8ae9-3c6714e3f9ac,S,Rice - Aborio,Home,$31.01
acfaf17f-05d3-41c2-b819-fd84dd2fe907,3XL,"Pork - Bacon, Double Smoked",Jewelry,$28.19
cd7dc83e-263f-4dce-833c-575f46335384,M,Sesame Seed,Clothing,$42.81
2b5e7ef6-ec19-4775-bce1-074ab44cf9dd,2XL,Muffin Batt - Blueberry Passion,Toys,$32.99
c515cdc5-5a93-4a52-82f3-65c1b317d787,2XL,Mousse - Passion Fruit,Jewelry,$95.51
1bbf891d-186c-45ad-8528-40af4c8de300,S,Papayas,Kids,$77.53
909ca93d-5c4c-4c58-88b7-4e965cb07bc3,XL,Potatoes - Fingerling 4 Oz,Books,$46.48
0c5ce950-2f34-43e6-bf61-a20592adf4a7,2XL,Beer - Molson Excel,Movies,$29.67
46dc2282-3bde-4f81-b16f-1d366de23f63,XL,Mortadella,Kids,$45.63
5a54ab90-05ae-429c-b1c8-300839bdba45,3XL,"Water - Mineral, Natural",Outdoors,$82.94
967d043d-e3d6-49ca-92d2-f3d078100b77,S,Onions - Cooking,Games,$66.39
909edaca-df3c-4b0f-9afd-f382d7c44080,2XL,Beef - Short Ribs,Shoes,$48.07
c8c9110f-1b03-49b8-9c19-c872b8aec4c2,XS,Halibut - Steaks,Shoes,$81.56
b70b7195-d061-41a8-ab65-2767d5336223,XS,Cardamon Seed / Pod,Industrial,$50.69
ba953806-db27-4337-a004-23849b11fa81,XS,Wine - Alsace Gewurztraminer,Garden,$75.87
6c8b4858-9e37-428c-9615-25a890f84154,L,Muffin - Carrot Individual Wrap,Toys,$96.78
dc506e16-21a2-4c80-aa35-0af4d45c6ed5,XS,"Jam - Strawberry, 20 Ml Jar",Music,$91.71
87d21a5b-b92f-4307-9a3a-fb113e34db33,2XL,Beef - Eye Of Round,Music,$33.16
2201a5c6-289f-419b-86b5-a03d458f6643,S,Muffin - Mix - Strawberry Rhubarb,Movies,$50.13
9f81c14b-5af5-43a6-9e56-ddcca34cf225,XS,"Juice - Clam, 46 Oz",Health,$91.28
12b98236-4ef6-4016-ab0a-51dbddb0f8c5,XS,Coffee - Frthy Coffee Crisp,Music,$90.38
a40cd9c9-dc7f-47f9-b152-788c08ca62a1,S,Trueblue - Blueberry 12x473ml,Music,$99.77
2e403f77-23da-42fe-8cf1-ab2097d67d9b,S,Beef - Ox Tongue,Outdoors,$64.60
5bcfbaac-c9e5-49d8-9d52-b9b2ef27093f,XL,"Pepper - Chipotle, Canned",Baby,$30.62
a03023a4-b1b5-4893-a67f-9bba3c1bea03,M,Soupfoamcont12oz 112con,Sports,$69.24
c3ec525b-c6fd-42e8-9a9c-557719845908,L,Cheese - Comte,Books,$78.98
fb5fa0a7-3d30-498c-bd2b-5294ba74d02c,3XL,Paste - Black Olive,Toys,$27.08
03c4c799-bec3-41fd-94b3-8e668d8b094d,XL,Juice - Apple 284ml,Home,$59.30
26ea9148-b0de-4d4b-8a01-c915800c2f23,XS,Soup - Verve - Chipotle Chicken,Beauty,$78.90
84f3a1ec-88da-462c-a7b2-e763da0aac91,S,"Pasta - Fettuccine, Egg, Fresh",Home,$73.80
b47d3d2b-c070-46b6-b5ef-f8a5e268d844,XL,Cake - Miini Cheesecake Cherry,Kids,$32.79
fc8a23df-e3d8-437e-a875-24255578a30e,M,Pie Box - Cello Window 2.5,Games,$60.92
b32fe181-6cf1-44cc-b34b-2325bf8e2e86,XS,Sugar - Splenda Sweetener,Grocery,$89.26
a9642e2d-2f41-4c16-8207-763ee2e75174,XL,Vinegar - Cider,Books,$69.34
a1229c0d-95e9-4401-977b-ca576c0c84b2,M,Thyme - Fresh,Tools,$55.99
5c5b50d2-1b91-4aa8-a253-318ecfb30c43,XL,Sprouts - Pea,Beauty,$95.88
f2700269-3128-42ce-a104-1197600047da,XS,Artichoke - Fresh,Automotive,$52.45
02a5332d-0606-4dff-b33b-b4895b4f524a,S,Chocolate - Mi - Amere Semi,Computers,$40.65
d4d48fc1-f5f0-4128-b7a8-6e76e665e562,XL,Sauce - Demi Glace,Garden,$13.91
2c7ce1d1-694e-446b-a347-9b5948ba8593,3XL,Pecan Raisin - Tarts,Games,$82.60
867379f5-c79b-40d3-993a-579b9acbc473,2XL,Chocolate - White,Clothing,$75.68
52473da4-5d32-4811-9d8d-b7f9c2f58f4f,XL,Juice - Happy Planet,Beauty,$90.92
1eb031e5-af44-4f9a-b398-a1d038fbaa50,L,Liners - Baking Cups,Automotive,$73.08
2b6ee5b5-be6c-4437-b7e4-b97a9189c466,L,Potatoes - Mini White 3 Oz,Health,$20.21
3143e6e2-6bae-4dd3-ace5-a426849a12b0,S,Pop - Club Soda Can,Grocery,$53.92
de9d23bc-ab44-40fd-a425-f388164b905a,L,Cheese - Wine,Sports,$57.60
ba8c855c-1066-4881-93de-b76cdebf5a37,3XL,Spinach - Packaged,Clothing,$54.14
fcd4858e-50f6-4fac-82b5-6459375299d5,L,Plums - Red,Movies,$43.74
88f8e7cd-ee98-4d9f-9950-d476e0c05fca,XS,"Cheese - Brie, Triple Creme",Electronics,$8.22
d5c2d55a-d2ce-416a-b035-c0eb33f34bdc,M,"Tortillas - Flour, 10",Shoes,$52.77
e41b9ee0-063d-45e3-957b-843957702ead,3XL,Bread - Corn Muffaleta Onion,Sports,$9.09
8e1ea0ef-279d-4f9d-8c95-e198ef915482,L,Pickle - Dill,Grocery,$51.79
be4d7e53-0d39-4501-8cb4-7d7712b77ed6,2XL,Wine - Cousino Macul Antiguas,Sports,$98.49
02fc8aaa-e572-4eff-96a1-fbe769d05768,S,"Leeks - Baby, White",Movies,$97.82
9f56111d-da20-49da-b2a8-69eb07da2b37,3XL,Juice - Apple Cider,Tools,$85.22
61548954-f465-42c3-94df-b912a15e9a7d,S,Chocolate Liqueur - Godet White,Health,$70.61
5cd08801-9227-40be-a31e-5c55f04da242,2XL,"Jam - Blackberry, 20 Ml Jar",Outdoors,$41.57
ea0f3b39-7d6e-4138-ab34-765808af2f77,3XL,Shrimp - Black Tiger 6 - 8,Books,$5.52
287c9a70-509f-4329-9637-637dd5c7f4eb,M,Rabbit - Whole,Jewelry,$89.26
3a180da5-58e2-4a26-acc1-69b9e9628a2a,2XL,Crawfish,Sports,$17.93
388bd36d-c0e1-4ff7-84c0-e442b5fe9099,M,Chinese Lemon Pork,Grocery,$49.18
54fec324-2b58-4736-a9f3-265471d4ec38,XS,Sugar - Crumb,Outdoors,$68.19
410adfe0-910f-4fec-9a4b-8acd9501ad02,M,Sour Cream,Sports,$81.36
a77882e4-8b25-43f0-b2e9-fe4f3cc05098,L,Cheese - Mozzarella,Health,$15.92
59fb6f80-1362-4f48-b469-ad44b7d6ab7f,XS,"Yogurt - Blueberry, 175 Gr",Beauty,$73.22
a9661ea2-f65d-46bb-9feb-f665c4407131,2XL,Beef Wellington,Books,$87.08
83c77f30-19d2-4409-bfb1-4215bae61f61,L,Chocolate - Feathers,Music,$67.43
f1b21c96-ca48-4b73-85c1-d879522a0293,S,Bread Foccacia Whole,Grocery,$78.12
9fe6bd1f-bdb6-4172-8b69-3cee0287d044,M,Wine - Carmenere Casillero Del,Clothing,$16.77
2fa8bbe3-93b5-4a36-9bfe-4a205e25cad5,XS,"Salmon - Atlantic, Skin On",Movies,$11.32
ea6e422d-8099-42ce-b17c-fb64888f648a,2XL,Sobe - Berry Energy,Electronics,$84.43
d4d0e2db-251c-4ee1-bc01-50f76b3dc6eb,XL,Ice Cream - Chocolate,Baby,$42.98
9c1c01e7-a914-485c-a6f7-6b4a0ec89383,S,Bread - Bistro Sour,Shoes,$95.91
d9769e1c-896d-48d1-9ea6-8a5173a88f79,L,Wine - Savigny - Les - Beaune,Sports,$31.40
a9e01592-cbb5-4c34-a79c-3d5cca611cbb,XL,Beef - Kobe Striploin,Computers,$19.17
783a634e-8972-4029-9401-9544d0a55262,XS,Oil - Peanut,Beauty,$20.16
84bde206-6b56-4218-8a03-f5f967f6b1d3,XL,Pepperoni Slices,Home,$99.96
1048bff7-8e5b-44a1-a495-878c44915b7b,XS,Pumpkin - Seed,Baby,$7.31
91de291a-c9c9-4cb9-8506-5ef6cd0dbb39,3XL,"Yogurt - Peach, 175 Gr",Tools,$25.81
193bcd6b-3147-43e0-bd81-90f83e550722,L,Table Cloth 62x120 White,Computers,$19.60
7e80da66-bf4c-4e5c-a79c-7a6c48bc421e,S,Coriander - Ground,Electronics,$36.53
440cf997-56d4-4c04-b8c0-97bc3b2ab2df,S,Muffin Mix - Raisin Bran,Music,$6.92
1d1bb666-9b3e-4145-95cf-588cdad55e34,XS,Beer - Molson Excel,Garden,$55.00
6756e15f-4254-4bdb-b0f9-f45eabab5d47,L,Chicken - Whole Fryers,Computers,$10.58
8ea940d6-b07c-4d1a-b516-c2b7dd36d318,M,Pepper Squash,Sports,$50.06
e70b3d65-344e-4b2d-8f32-c23213e3defa,S,Appetizer - Shrimp Puff,Industrial,$31.85
6c8dc82f-c960-4c98-bc7a-54cc2baba14e,M,Mackerel Whole Fresh,Beauty,$34.55
17366484-6249-45c4-a2be-9b3b3f7f2367,L,Peach - Fresh,Sports,$10.16
8b9d6445-83c1-4e91-97c9-453191ac63b3,XS,Thyme - Fresh,Kids,$34.23
28d29154-39a8-491b-b66c-1f1b4d3eb9d0,3XL,Wiberg Super Cure,Games,$17.68
5809315c-2ec7-4df2-ac84-5552589f8d80,S,Cakes Assorted,Outdoors,$85.91
cdd6158d-2daf-49ca-8750-5ad256b797fa,M,"Fish - Atlantic Salmon, Cold",Sports,$80.87
7189654d-5fbb-4a56-88be-bbdf265f9d0a,XS,"Bread - Roll, Canadian Dinner",Garden,$92.51
78dd9661-47fc-4e27-8f45-3251959b67a3,L,Beef - Kobe Striploin,Computers,$85.13
bed960fb-742d-4c41-b2fc-bbe33ac625e5,XS,Carrots - Jumbo,Kids,$99.28
a0ec0de5-26e3-4d5d-a1fa-42f99ab5b303,3XL,Duck - Whole,Books,$7.56
1698e143-9892-49f5-b2c2-2e695dd11975,M,Wine - Malbec Trapiche Reserve,Games,$16.78
f3a4f177-10c2-4c94-a6e4-10a2fb285c69,XL,Ham - Procutinni,Kids,$9.65
c563d94a-34ed-4d9d-9841-563fbd38ecbe,M,"Flour - Buckwheat, Dark",Industrial,$45.81
5a76a91a-fbdc-4b9a-a3e4-34815571f660,3XL,Ham - Virginia,Shoes,$45.46
3e9a00bd-f3db-4405-97bf-bf3fd797a413,L,Jack Daniels,Jewelry,$47.76
f004e64c-35f7-4db0-8287-de0a02d302ad,XS,Tray - 16in Rnd Blk,Sports,$93.14
8f2e0219-e8d1-48e4-8630-1507f89649db,XS,Eggplant - Regular,Tools,$83.22
6dc72792-4fac-451a-8828-fcf7841f5b77,S,"Red Snapper - Fresh, Whole",Music,$65.15
08527b51-52bc-4055-bc0d-2b6498378aa1,XL,Tomatoes - Roma,Health,$68.71
3d3fda9d-6c56-4df1-b910-73e6f80dd6cf,2XL,Puree - Passion Fruit,Garden,$7.60
8fec8467-ad6b-4e7b-9f00-21eac3bb74de,2XL,"Salmon - Atlantic, Skin On",Health,$64.98
4ae71e58-6e60-4e23-bec8-ac19362b6a26,M,Milkettes - 2%,Grocery,$89.37
02e80dd7-c6b2-4d50-94aa-10fbd76aca6b,L,Chef Hat 20cm,Books,$23.08
c5028f4c-2802-49b0-8199-a6a631078f61,L,Nantucket - 518ml,Industrial,$50.02
620f4942-a021-4a9a-87d7-b0b7c993b834,2XL,Eggs - Extra Large,Grocery,$34.76
246af6a5-6930-4e37-b0bb-b38e4b37ef21,3XL,Lamb - Shoulder,Baby,$60.52
724d7022-ca40-469f-a37d-ac2d2eb1309e,2XL,Alize Gold Passion,Clothing,$11.83
cff76471-16e8-4c19-9430-0419b2e19eed,2XL,Pie Box - Cello Window 2.5,Computers,$62.22
d80c8074-b04e-47da-93ae-6870094a701e,2XL,"Chicken - Breast, 5 - 7 Oz",Music,$29.21
0cafdf03-6139-4ea0-91aa-4c785e9e794c,XS,"Pasta - Bauletti, Chicken White",Computers,$51.24
47878254-98c6-4fae-adca-2ab09cb2cc2d,XS,"Beef - Rib Roast, Capless",Baby,$62.82
81859255-bb5c-4b89-8397-2504fe6cb7c6,XL,Turnip - Mini,Shoes,$92.71
fb0bcd57-1c67-44c6-bfc0-c947c381a6b5,2XL,Mince Meat - Filling,Electronics,$66.79
d0e7c2c6-69e8-4fa8-a6d3-912474539104,M,Cheese - Brie,Tools,$89.48
61335379-87f3-43c4-853c-b2baa790fe43,XS,Bread - Olive,Toys,$84.60
d302eadb-33b7-427b-992f-e8a356e0d57d,XL,Soup Campbells - Italian Wedding,Electronics,$24.77
d02465c7-b3c8-455d-9e13-5ab78fcc8292,3XL,Rice - Sushi,Baby,$93.22
7bb3751a-856c-41f4-b323-eff9707adb6a,XL,Fond - Neutral,Movies,$22.63
47e93ff9-453e-413b-bee0-75c2ffb4c767,XS,Tofu - Soft,Computers,$71.80
9a28587c-808c-4542-8e5c-1e56c2306d11,2XL,Chocolate - Chips Compound,Home,$46.17
1f9ace66-54dc-44f2-89e5-3786d011289f,XS,Beef - Flank Steak,Health,$70.97
dbcd91db-8616-4818-a381-4792dc2d533e,L,Basil - Fresh,Books,$8.66
2f7a17a6-f534-4547-bb34-206a680c7d4d,3XL,Wine - Magnotta - Pinot Gris Sr,Computers,$53.38
5f962e57-4caf-452e-b3bd-35284b234a01,L,"Appetizer - Mini Egg Roll, Shrimp",Beauty,$34.33
54632ad5-fa8a-4c6e-9447-f1dc063d5a6f,XS,Appetizer - Sausage Rolls,Industrial,$78.12
ddc6956c-2775-41fd-b3ca-3249d66a37ed,XS,Cup - 4oz Translucent,Jewelry,$50.48
72978157-425b-4d09-a34d-ae8359d2e9ec,XL,Clam - Cherrystone,Grocery,$10.41
57113f50-39db-4690-ad7d-d1f39ed3b38c,3XL,Green Scrubbie Pad H.duty,Toys,$26.74
7406e1f6-6ec0-4f8e-bcd9-179a771a88a6,XS,Pork - Side Ribs,Clothing,$5.10
d13d1fac-c8d6-48b8-bfb1-658749f98eed,3XL,Appetizer - Mushroom Tart,Grocery,$74.14
4e2ee050-aec2-449e-8ae1-ce2830cf596b,2XL,Soup - Campbells Pasta Fagioli,Computers,$64.11
1644644b-0d36-42d0-bd3a-fe753d37e473,XS,Cake - Miini Cheesecake Cherry,Books,$28.08
ec756e23-e52b-4b04-984c-23b87e297fd3,L,Ostrich - Fan Fillet,Kids,$68.98
407365f3-868e-461c-a0a0-9033a04f5fb9,L,Wild Boar - Tenderloin,Home,$4.75
22636e54-3adf-4109-adc1-04309f030556,2XL,Honey - Comb,Electronics,$23.55
5598278e-32e5-4184-ab99-37490ce10909,M,Lotus Root,Garden,$52.48
9a26d080-f70f-48a5-90e6-73fc8f8791c1,XL,"Crush - Grape, 355 Ml",Toys,$82.96
93bcf1a8-6846-43c1-a247-9b866d9c6a4e,3XL,Garlic Powder,Clothing,$75.46
6505f118-828a-45bf-99fe-a8edfc946939,3XL,Chocolate - Compound Coating,Toys,$15.16
8ba6a0a4-b76c-40e6-ba4b-cd34c3db931f,L,Cream - 18%,Electronics,$49.78
88cfd520-3704-4d64-b553-4da014752f80,XL,Taro Root,Baby,$79.58
8f7f0c6c-6f0e-49a8-80ff-6a2c327d24d2,M,Venison - Striploin,Beauty,$74.44
6ed9b0a5-eefc-4b53-9358-fdcf493e7d6a,S,"Pasta - Canelloni, Single Serve",Sports,$48.47
d6077b58-6e7a-439b-aeec-2e9a241c0f7d,2XL,Scallops 60/80 Iqf,Toys,$24.47
f41d3390-0bd3-4b0f-bf5d-6c79c89ef97d,3XL,Kiwi,Books,$52.26
763986c6-87b4-4e73-9cf4-88e2f903d6df,2XL,"Wine - White, Pelee Island",Clothing,$13.05
95bbc0ec-c340-4c95-aafe-a6303f3c963e,2XL,Mushroom - Morel Frozen,Shoes,$71.15
81db8964-cffd-4a0e-ad19-aa145b9ca6f6,XS,Oil - Avocado,Toys,$67.85
c4645208-a8fb-465c-a6d3-f6eb85a8f208,XL,"Cheese - Manchego, Spanish",Jewelry,$85.84
7c9d34b5-97bc-44b1-a727-89521cc1a452,L,"Crab - Claws, Snow 16 - 24",Baby,$14.62
3e4e7cc6-0b6d-403c-8aa4-c5539020d660,XS,Pumpkin,Beauty,$53.70
d2171e80-aedd-4b1a-b470-22075d5866d5,S,Wine - White Cab Sauv.on,Home,$43.88
1a5e130c-bc68-44f1-877d-4d46775a2b6b,M,Towel Multifold,Automotive,$63.30
c166c870-8bb1-4d29-b530-419ee4035e63,XL,"Pepper - White, Whole",Automotive,$8.81
2652dca4-345e-4bf4-832a-f21477e78875,3XL,Appetizer - Escargot Puff,Industrial,$43.02
3f8fec3c-007a-4629-ba81-76387270e8f5,XL,Tea - Mint,Garden,$65.42
a868aee7-aca7-4f43-aec3-0aba9ea17a6c,M,Sauce - Mint,Beauty,$29.05
b7c32ce1-d028-4342-88fb-d746f4bf3f76,S,Calvados - Boulard,Shoes,$34.75
cb2d1204-af13-4539-871a-0990c3762a43,2XL,Wine - Magnotta - Pinot Gris Sr,Home,$33.21
2a92658f-1a20-4e9d-9572-49f2541eb80f,2XL,"Ecolab - Orange Frc, Cleaner",Outdoors,$49.92
2871c35b-1900-418c-b486-cfb30d09f245,XS,"Asparagus - White, Fresh",Computers,$41.37
41cae053-36df-4bab-aa9b-66f12468f7e9,XS,"Salmon - Atlantic, No Skin",Tools,$3.74
fdf486d5-1b57-4310-8afe-84e87f2756d4,XL,Bread - French Baquette,Industrial,$50.30
0ffc7a52-423c-49c9-ae96-7b2968be5d4b,3XL,Mustard - Individual Pkg,Electronics,$28.86
ef2c17af-f0c9-4146-ae36-1903ec5f45af,S,Lettuce - Radicchio,Music,$95.68
fa7d3924-645e-47c0-aa67-af247e913473,M,Oysters - Smoked,Baby,$46.64
ee9d8f60-9458-4ca9-93cc-7ffdaef5dc78,M,"Doilies - 10, Paper",Kids,$71.48
6e16d638-0c32-4bba-a053-2988a8e91ae3,S,Pomegranates,Electronics,$72.01
298da9ce-76e3-4ca1-9e03-f24498ef0815,3XL,Wine - Chablis J Moreau Et Fils,Baby,$80.67
c5aa8985-4dcd-4ab5-a008-c143f7fa59f5,L,Wiberg Cure,Shoes,$37.22
9a23d60d-1109-4b18-acd8-9ab1d38aaec9,3XL,Carrots - Mini Red Organic,Shoes,$46.85
3b9fd65f-ec53-42cc-837e-e45fda98d2ab,M,Creme De Cacao White,Garden,$25.17
4764ffad-30ed-45e0-9db7-5289b8ccf082,M,Mix - Cocktail Ice Cream,Computers,$15.26
88c1cd12-54f8-47da-b660-204735dd0c05,XL,"Asparagus - White, Fresh",Games,$98.07
af6c0ab7-ab6f-4577-91ca-6cb5d8fe8d96,2XL,"Wine - Niagara,vqa Reisling",Toys,$35.22
188b083c-11fa-4103-bfd7-6e6161f1a89a,L,Buttons,Jewelry,$13.54
ef100284-309a-4e21-97ff-22ad4ad7aaa0,M,Butter Ripple - Phillips,Home,$58.49
89f74005-782c-472c-ae00-cb576f9fb20a,M,"Juice - Grapefruit, 341 Ml",Games,$31.94
a4c6441d-0bdc-4c9a-b8c6-c429c98b3c63,S,"Cherries - Maraschino,jar",Outdoors,$78.54
c9ffcdd1-5d55-4425-97dd-146881b11fd9,S,Soupcontfoam16oz 116con,Tools,$76.21
72ec9fa1-b04e-4d7a-bdb7-4fd038d57fe9,XL,Cookie Double Choco,Grocery,$17.79
c891db40-65ea-4870-a409-3316c472f4b4,3XL,Cream - 18%,Health,$97.22
7e5f9a9c-5832-4b8e-8ddf-78e1e0c577c3,S,"Rum - Dark, Bacardi, Black",Games,$62.18
a40d0f50-37c8-4ec7-8306-ed6ed1d4862e,XL,"Soup - Campbells, Chix Gumbo",Home,$66.55
6095001b-07f3-48eb-a982-6cd15197d053,2XL,Cheese Cloth No 100,Outdoors,$78.00
6b5e41ec-ab83-47e5-956c-fc11b71e22a1,2XL,Ice Cream Bar - Drumstick,Home,$5.04
8ee07f9e-fc90-4f7b-9d4f-f4d8676d8f40,3XL,Pur Value,Automotive,$17.67
27bf70ea-1ebe-4b10-92ef-77def8085770,3XL,Veal - Sweetbread,Outdoors,$13.62
7bcc316b-6f5f-4ccf-945b-1734b4b5478f,2XL,Tuna - Loin,Electronics,$43.23
e97a33f0-013e-4f29-ae32-e3134240ec3c,XL,"Sauce - Black Current, Dry Mix",Books,$80.40
c006acd9-33b8-4327-979a-33d75867ae63,XS,Beer - Sleeman Fine Porter,Industrial,$12.42
3bb93f37-0566-422e-9a53-ca2ef080c689,3XL,Wine - Redchard Merritt,Beauty,$27.75
5d1e48b9-dc1a-4b80-b476-2bcef8fff584,XS,Sole - Fillet,Clothing,$66.90
b465b403-1aaa-44bf-ab75-ea40bcea563f,2XL,Vaccum Bag 10x13,Jewelry,$35.26
1efe8567-ff7d-4033-a012-c91512384c1b,3XL,Remy Red,Movies,$29.80
5b9637ed-831f-4ad7-9df1-09ea17f18b3a,XL,"Apple - Delicious, Golden",Tools,$92.42
42ea031e-d978-409b-9b99-32afd1c77ebb,L,Wood Chips - Regular,Industrial,$45.57
adfa5940-85b4-4e02-8a8d-23d4b73cf48c,S,Soup - Base Broth Chix,Garden,$10.09
f6160606-2b83-4084-a630-c59749c3f50a,S,"Napkin - Cocktail,beige 2 - Ply",Home,$56.55
75a442d5-44b8-412a-b821-f13990f52a58,M,Cut Wakame - Hanawakaba,Garden,$77.55
489c43a0-93ec-47fe-8526-da2fe79ede62,2XL,Daves Island Stinger,Clothing,$24.04
7f366cb3-0cba-4906-a183-1c175169afd3,M,Muffin Mix - Corn Harvest,Automotive,$54.14
57985734-f25c-4f38-b1ec-7a96462953f9,L,Basil - Thai,Baby,$6.93
fb1d5208-03cd-4543-9442-0c9c7527c3ef,L,Truffle - Peelings,Sports,$14.87
72576aa2-964d-47bb-a09c-9154ab09304a,M,Milk - Skim,Sports,$96.06
83cc3e6b-344f-4877-ac16-07c7b5e74a49,XS,Oil - Peanut,Toys,$20.01
b88179e9-9588-4585-ba45-da26f121fb89,M,Food Colouring - Orange,Health,$93.26
b2cc827d-3b93-462b-89c1-a7bdfb1cd883,L,Coffee - Hazelnut Cream,Games,$78.21
cc992519-6150-4570-8026-5fb2f1a430f5,3XL,Scotch - Queen Anne,Music,$29.84
26ff556d-0e6c-41b9-bd77-cb49e6eb0ed9,XS,Nantucket - Orange Mango Cktl,Movies,$45.27
73228b72-b347-44ea-8911-9e07c6a21ebb,XL,Nantucket - Carrot Orange,Toys,$97.09
fbc0dad8-40ae-46c2-88f7-4cf89a42f277,XS,"Sugar - Brown, Individual",Toys,$58.64
32b7dfbc-2a19-4bdd-853e-b95486f47c9f,3XL,Bread - Petit Baguette,Tools,$95.62
e5f78dec-e921-4f26-97c2-5fc13b0586a2,XL,Beans - Green,Garden,$2.89
d1f1bda6-3c48-418c-8cf2-ca31ab82e640,L,Flour - All Purpose,Health,$30.75
07327340-bc04-4e15-98f0-41913f10b635,3XL,Coriander - Seed,Movies,$96.64
3abba947-b875-41a7-b240-58863ed75016,2XL,Jack Daniels,Computers,$89.11
d2e4b3b1-f630-4d07-92ab-65c95e59fd81,M,Tea Leaves - Oolong,Shoes,$92.57
053ab027-7fc4-4fec-8888-d2e617020995,XS,Cinnamon - Stick,Grocery,$19.35
6941bd0e-b22b-4e6b-99ca-39e0ba5cfef2,M,Garlic Powder,Books,$16.17
04bb8a40-1546-4ea0-96ef-bea7bf5ec4e8,L,Passion Fruit,Home,$53.50
2850194d-501b-430e-be9d-71756ac8ef0d,2XL,Uniform Linen Charge,Toys,$41.45
6eab993c-d5b1-490a-ad1d-e6574698254d,S,Lettuce - Escarole,Industrial,$74.30
2ae26388-fc97-4170-a3a4-c8b02b31a803,XL,Water - Spring 1.5lit,Electronics,$95.39
92b9eedb-3142-482a-8ca4-d4d10ab70049,M,Pails With Lids,Electronics,$14.46
bc2a4757-eb5f-4e95-a5c2-756fc731a01d,2XL,Salt - Seasoned,Tools,$72.55
dba9274c-efe4-456a-9a33-8bc40bd3a865,S,Puff Pastry - Sheets,Garden,$91.70
750f3e4d-3f5a-4d65-94b3-7c5f2914ffe0,XL,Cakes Assorted,Toys,$92.30
2e9e598f-e391-4f3c-91d4-f33390eaf256,M,Cheese - Cambozola,Beauty,$8.48
fd946f4c-a534-4cba-b639-56a41af1fe4c,2XL,"Mushrooms - Black, Dried",Outdoors,$17.14
f13d935d-75fb-401e-871f-6a5b7c78ce2d,3XL,Vegetable - Base,Automotive,$71.42
8cd172e6-e17d-4ab5-832d-6d88aeef676b,3XL,Broom And Brush Rack Black,Home,$30.46
42d47db9-ee3b-4bb1-8093-12a9ec68af1e,S,Bag Stand,Electronics,$85.79
6f83c664-0824-4e29-8182-d78700d8533b,S,Melon - Cantaloupe,Baby,$72.24
bd013ac3-2026-4228-b3d0-ab0695525c8b,2XL,Soup - Campbells Mushroom,Movies,$3.17
cfe4fc90-a201-4c55-8d50-6c7b80a7c5f3,L,Lid - 0090 Clear,Garden,$60.48
dd794300-6b3b-44ca-8ec2-74517340584a,XL,Bread - Pain Au Liat X12,Shoes,$44.40
4504ef87-eb8a-4c3d-a584-6d22f3101b54,XS,Phyllo Dough,Books,$20.73
c21af295-215c-405a-9b4f-ab14c03b6413,S,"Beef - Rib Roast, Cap On",Automotive,$42.39
104a7fc4-155b-4ab2-8844-02df357a1514,XL,Bread - Raisin,Garden,$28.27
ea20c85a-2246-44b3-a810-b89f3c10a0e6,L,Lid Coffeecup 12oz D9542b,Outdoors,$87.85
983f7021-ae78-41fc-ad33-9547353cadd2,XS,"Juice - V8, Tomato",Games,$45.67
13ff87b1-265b-408a-9924-71d2178701a6,2XL,Gatorade - Lemon Lime,Movies,$98.83
44644931-6139-49bb-b841-fa82be1e0e86,L,Huck Towels White,Shoes,$47.64
a68be6d5-1c30-43f5-a212-2b45be5ad9d2,S,Soup Campbells - Tomato Bisque,Games,$22.99
dbf8a79f-568e-4689-a284-f635cd5c1f8d,S,Beer - Corona,Games,$79.95
f4e00004-154e-4545-ae39-2d082baa1e82,M,Cheese - Mix,Shoes,$62.92
6a36ebb3-11f2-41d4-b001-668679ce1d4e,2XL,Beer - Sleemans Cream Ale,Health,$77.56
6d425e1b-04d1-4934-95a8-c5d58e34b46e,L,Pork - Side Ribs,Movies,$6.57
ee9b58f1-c1b5-464e-8545-e1d9de8eb377,2XL,Cake - Pancake,Home,$38.74
c7474ab4-0cc4-4521-9952-b081a5b84fed,L,Oven Mitts - 15 Inch,Tools,$58.30
11cfa5cb-0f09-4158-9a61-4f0197bb3557,3XL,Shrimp - Tiger 21/25,Beauty,$50.50
fca33410-f092-4db6-b8be-d64a7472eef3,XL,Peas Snow,Clothing,$65.03
f20de15a-b887-4576-a890-ea5ce57159cf,S,V8 - Vegetable Cocktail,Computers,$22.28
e1ac7b3f-3440-44ae-82f8-174ad4e4ccb7,S,Skewers - Bamboo,Sports,$81.26
5db9c370-c569-43d3-ad64-8657b8ecfc06,S,"Radish - Black, Winter, Organic",Games,$37.82
8363d5bf-215a-4b02-8067-501dac042324,S,Wine - Magnotta - Pinot Gris Sr,Tools,$66.90
f4eff5c1-e14f-4740-9b9e-af9f974806d0,XS,"Wine - White, French Cross",Home,$52.04
fb02ce6f-fa2f-44b6-874f-fbf18c966b9e,L,Carbonated Water - Cherry,Kids,$26.62
1330d472-f96a-4df2-b96b-b247c24bcdd2,L,Ecolab Silver Fusion,Toys,$31.02
d1f421a3-cee7-4339-adfe-05c86ca27496,3XL,Parasol Pick Stir Stick,Clothing,$87.88
9896a876-c66a-421e-8610-7abc374e48d9,3XL,Mussels - Cultivated,Electronics,$16.22
c70519ee-f1f4-4ac8-8d4f-8768f3b6ad4f,3XL,"Coconut - Shredded, Unsweet",Electronics,$10.19
0b81d54e-6cff-42e5-8c38-0f225e99c2f7,2XL,Swiss Chard,Music,$9.72
42ef6bb1-17be-4798-896d-ffe972628f8c,XL,"Bread - Pita, Mini",Clothing,$69.80
690a6a37-ed5d-4a4e-82ef-8d6c198dc004,2XL,Vinegar - Champagne,Shoes,$67.23
aea141e7-f180-4949-a311-f93a11bc68b9,3XL,Sloe Gin - Mcguinness,Garden,$29.42
c9217b94-786c-4e0a-bf1a-b3909d024a28,2XL,Cake - Dulce De Leche,Books,$50.71
a79fd26d-8e31-4174-8a08-c495438c424f,3XL,Cookies - Assorted,Music,$97.61
47427f55-97d1-4fb1-a6fe-a09461e31291,XS,Sauce - Hollandaise,Automotive,$81.76
59adf9c9-0862-46ec-b764-73725882fce6,L,"Beef - Kindney, Whole",Clothing,$66.67
7a1cedfd-0933-4bb3-829f-0537ca273442,L,Pastrami,Kids,$3.55
66308d8d-5d8d-454e-93f3-252eea3467a4,S,Cheese - Brick With Pepper,Computers,$43.74
7b228878-6b27-46a5-abc9-711e3942b60c,S,Bagelers - Cinn / Brown,Beauty,$16.11
39617d8a-a08c-45ac-9dad-5bc3487dea7d,M,Cheese - Gorgonzola,Shoes,$40.47
4934de66-102b-48ba-84ba-85bf0800762c,M,Butter - Pod,Games,$71.27
2d587f9d-bb60-4e67-a347-2519ea49db23,2XL,"Lid - 10,12,16 Oz",Industrial,$53.71
6c5cc0c8-12cc-4903-a7f0-f9f2cf5f1edd,L,Jagermeister,Shoes,$14.86
587b061c-9c83-46fc-b0ec-deee68e77e36,S,"Beans - Kidney, Red Dry",Jewelry,$76.35
8248d1a9-e092-4256-87bc-ca0e757423ea,S,Cheese - Oka,Games,$30.40
0761d15d-0f90-4aa7-889d-9fa50941226a,3XL,Coconut Milk - Unsweetened,Jewelry,$36.40
cae8dccd-6cf7-4536-bf55-ba515e9db13d,XL,Pepper - Red Bell,Outdoors,$33.00
195fbd5c-56ea-452d-b092-68ee6547b2e9,2XL,Soup - Campbells Pasta Fagioli,Automotive,$30.32
f28f9b90-47f5-4235-a05c-8d7a16dcd369,XL,Pork - Kidney,Garden,$13.65
94fb98ab-2639-4393-9153-0a17a733ffe7,M,Chocolate Eclairs,Grocery,$18.80
9b1c3533-48e6-4d3c-92cf-cd09267fbf73,XL,Wine - Piper Heidsieck Brut,Jewelry,$8.00
03e906b9-b45f-4487-874b-70797bf1882a,2XL,Papadam,Home,$27.17
15a96f3a-9c23-448b-b383-d3f555f8cc5b,S,"Beans - Black Bean, Preserved",Kids,$24.00
33b35eff-fddf-4561-b526-7a735d810d46,XL,Shrimp - Black Tiger 26/30,Tools,$53.97
4bd28394-085a-4018-8c47-37f44ffdb67a,XL,Calypso - Pineapple Passion,Beauty,$8.56
df2bad3c-a6b7-464c-9279-3682b5b02a57,3XL,Chinese Foods - Plain Fried Rice,Kids,$15.89
e9a2277e-be5b-4469-8bad-9618f6c3b8e3,2XL,Brandy - Bar,Tools,$72.28
ccf82a66-1bad-44e6-b784-922cdd3289e6,3XL,Wine - Zinfandel California 2002,Tools,$36.24
e0d9660b-c7c3-4fa2-a7dc-b14123c1a238,3XL,Coffee Beans - Chocolate,Home,$43.72
52ae1822-173b-46d4-bee2-fe5e0937076e,S,Temperature Recording Station,Grocery,$38.78
f395f627-44e2-44e4-a367-32b815045718,2XL,Energy Drink - Franks Pineapple,Industrial,$12.11
a309f8aa-907a-43c3-aae8-9d5234d04088,2XL,Cape Capensis - Fillet,Industrial,$3.28
5e3f4161-2c86-4b58-aeff-494acf06c073,L,"Zucchini - Mini, Green",Home,$72.51
5e62ed7e-caca-41f1-ba99-a477fd813118,M,Sauce - Hoisin,Beauty,$48.77
17215155-d06a-4f76-9e9a-89e42a327c40,2XL,Creme De Menthe Green,Jewelry,$93.05
22a70022-da2c-4513-9b84-058e492ed23c,2XL,Pie Filling - Cherry,Games,$87.27
09d0984e-963d-4606-8044-eab7896bf168,S,Bread Base - Goodhearth,Tools,$10.43
4a43bd7d-a00b-483b-9bb1-2364b777089d,XL,Lemon Tarts,Shoes,$46.75
c18897a7-a270-4347-9f21-11180a6397ac,S,Butter - Unsalted,Movies,$78.67
eedc389b-e847-4c72-9bdb-0116a179d11e,S,"Pasta - Rotini, Dry",Home,$11.86
d993a27e-3267-4e81-9937-903f8b7dedfd,3XL,Pasta - Fusili Tri - Coloured,Garden,$58.97
41f04ff5-8094-46cc-86d9-a2be34a7bf2b,S,Appetizer - Seafood Assortment,Industrial,$28.97
cbbc4351-02ca-4120-95a3-eb2a848b2dde,3XL,Puree - Kiwi,Tools,$29.81
549159e3-a2b2-41c8-8575-9129e48f4b87,M,Coffee - Irish Cream,Kids,$9.27
27edd020-7871-469e-b5d0-c3ca50d0f39b,3XL,Ecolab - Ster Bac,Home,$59.70
cba60b4a-b2e5-46c6-a074-17af2b619450,2XL,"Fish - Atlantic Salmon, Cold",Tools,$27.65
89b9c81d-3c80-4a17-9081-4ba840c0c1c4,XS,Olives - Kalamata,Jewelry,$17.48
8b8f7a3c-3e72-4e52-bda9-e6492150af2d,S,"Nut - Walnut, Pieces",Industrial,$33.65
3e35579e-8e93-45bd-a901-4d717c774faa,3XL,Radish,Books,$49.93
a90cb177-5a8a-40ca-ab3b-8960292de080,M,Chicken Breast Halal,Garden,$22.56
c17511d0-d1ca-4e67-b177-86eef13f3921,XS,Pails With Lids,Health,$51.70
5a3601eb-f739-47f0-90ff-552bd5617546,2XL,Bols Melon Liqueur,Music,$7.23
6183add9-87e9-46c0-ad3d-e50d748e22ae,XS,Ice Cream - Chocolate,Jewelry,$13.06
35c85386-ad54-4065-b94d-5bdba694ee4a,S,Wakami Seaweed,Grocery,$80.01
6403ac40-622a-4bdd-adec-a1c9111c5293,3XL,"Lamb - Loin, Trimmed, Boneless",Music,$59.53
9d63278d-8b8a-4706-b70c-b2dba7717101,S,Shrimp - 100 / 200 Cold Water,Industrial,$98.13
a20366f5-a39d-45e0-a217-5be132c22fb5,L,Soap - Hand Soap,Clothing,$91.68
bc29ebb7-c567-4043-9caf-024fe9ed1094,M,Lamb - Ground,Home,$94.62
89d3777c-36d2-4dbc-ac37-dacb9556e87c,L,Swiss Chard - Red,Sports,$60.30
673a2890-b959-4d3e-b855-f6dc1ea91e61,S,Slt - Individual Portions,Industrial,$62.21
1908abd2-33d7-4d48-8575-f12bce936562,M,Cheese - Comtomme,Automotive,$43.95
8529ea4b-d989-4279-9159-1768fce0fbc8,2XL,Tea - Grapefruit Green Tea,Books,$91.11
e1930273-4c10-4491-b8a0-251d0b2afd80,3XL,Calypso - Black Cherry Lemonade,Books,$44.64
0253c5af-9707-45fb-b850-15234e1a5b99,XS,Scallops 60/80 Iqf,Sports,$78.96
ba51961c-d724-4653-ada1-2ee990165845,XL,Wine - Prosecco Valdobienne,Books,$87.17
e1a7d520-4050-491c-9818-d982a290f576,L,"Beef - Ground, Extra Lean, Fresh",Grocery,$32.32
5a4af311-672f-40d6-b0d4-16065f2660be,XS,Lid - 3oz Med Rec,Grocery,$82.98
e12b7047-4019-4825-b861-e78dd818b821,2XL,"Orange - Canned, Mandarin",Kids,$9.35
8ead3365-3753-4f9e-a1de-80bc3baa90da,3XL,Turkey - Ground. Lean,Sports,$9.18
10956a72-7096-41a2-8325-d76955d38f20,XL,Duck - Whole,Shoes,$83.02
d5f5e804-e1f5-4332-88c2-b694c6a8da86,XL,Cheese - Cambozola,Automotive,$82.21
6e08c93a-26ce-4422-86ab-5ab770d7e22a,S,Longos - Greek Salad,Health,$65.07
5710c7de-2db8-4916-b68b-832e57d1564c,XL,"Pork - Bacon, Double Smoked",Tools,$93.34
44f8a1fb-f65c-48e1-891b-409da33a66a1,L,Cookie - Dough Variety,Garden,$75.45
ec38f870-584e-439e-8254-62f6f3d1a388,2XL,Otomegusa Dashi Konbu,Electronics,$9.07
dfea1d04-1924-406b-bf63-a466adb2042f,3XL,Creme De Cacao White,Automotive,$65.18
b5a02946-1031-4aaa-b491-ec019d147834,S,Tomatoes - Orange,Garden,$41.96
57caf4a9-3c81-4e63-b563-35a75b481a79,3XL,Wine - Casablanca Valley,Electronics,$70.21
c807959b-d7f4-4835-99ef-702ee38abf12,L,"Melon - Watermelon, Seedless",Toys,$61.64
d58abd7e-ca4c-47a1-a3ac-0eeeb0f9fec0,XL,"Pork - Sausage, Medium",Outdoors,$73.51
817681d6-544d-4662-bead-7ec2794ba846,S,"Rosemary - Primerba, Paste",Books,$2.96
7f243d79-edf9-4bd1-a06a-944437204b99,S,Pimento - Canned,Kids,$47.22
85a6bff6-9149-4341-8450-646111d74e96,XL,"Cheese - Brie, Cups 125g",Automotive,$69.91
441e271e-d83e-4b06-b519-1b702f1ebd21,XS,Wine - Valpolicella Masi,Sports,$76.37
8c786c55-7ce6-4129-be65-aa9a48e17fbc,XL,"Soup - Campbells, Spinach Crm",Health,$80.85
82569afb-9e82-4d96-9b95-696c50ccd85c,M,Baking Soda,Home,$98.94
81fb3fa0-cb65-4b32-9cbe-9080d1ee0566,L,Lemon Pepper,Movies,$26.39
18fc9f7f-13f3-4085-b9a9-5bf9a6e00791,XS,Coffee - Espresso,Health,$73.38
fdf8d7b7-192a-45d3-ade1-0b88e137d8d9,XL,Coffee - Irish Cream,Garden,$13.37
80ad6ea1-09ee-438c-b8f7-5a182e35d7c5,2XL,Calypso - Pineapple Passion,Tools,$21.63
b69f5e1f-a35a-4e41-aaf3-0a866cce646b,M,Coffee - Cafe Moreno,Beauty,$81.35
e71e352c-480f-4261-b36c-766cdc340e96,XL,Chicken Breast Halal,Toys,$8.96
30572e6a-64e4-4bbe-81da-c11012b902c3,L,"Beef - Kindney, Whole",Toys,$9.60
f14303d6-be84-4a58-aba2-0b0ff84a0a29,3XL,Petit Baguette,Industrial,$71.16
dde4f8af-8eb8-477f-b98c-f83eebffb509,2XL,Bar - Sweet And Salty Chocolate,Toys,$91.73
81bbe462-fda8-4df0-ab8f-ebc0be8479b1,2XL,Cherries - Fresh,Sports,$16.80
63facfe5-f559-408b-a926-979300bda2f6,XL,Juice - Apple 284ml,Computers,$78.50
e19f943e-1a9b-40f0-93ef-cf41d108cc46,3XL,Bar Nature Valley,Home,$79.38
33ea0427-99d2-4ac2-ba15-49761cc9f1ba,M,Cake - Bande Of Fruit,Toys,$80.57
01b33428-c39e-4a42-a4b2-1c6276c6af6e,L,"Juice - Clam, 46 Oz",Home,$71.08
8a13db1b-b7b5-4e94-b2d5-124a2db98186,XL,Puree - Mango,Music,$90.92
8343819b-34e6-4047-a908-af4267eeea9f,L,Bread - Mini Hamburger Bun,Beauty,$12.98
ebfe2586-6d33-4ee8-8110-409983a6867b,L,"Wine - Red, Metus Rose",Grocery,$31.93
d723021d-be92-4c3c-9a9a-cc8fc5242a2e,3XL,"Chicken - Leg, Fresh",Jewelry,$69.80
7aa954f2-6a02-4bcf-948f-d7f1fc7c93cf,3XL,"7up Diet, 355 Ml",Automotive,$42.27
748d9dfd-682b-4404-ad99-3456204d255b,2XL,"Wine - White, Lindemans Bin 95",Grocery,$87.75
e4cb8f82-932f-4a7b-9595-c1ad67acf279,XS,Cucumber - English,Toys,$16.21
7d563992-ca2f-4a15-a620-f37346a6e16c,XS,"Syrup - Monin, Swiss Choclate",Books,$74.44
d5e3bd33-8623-4ec5-8512-c504dcf8f29e,XS,Beer - Tetleys,Kids,$6.30
cdf61fa9-62c7-4f53-8a17-7b46a63827d2,M,Napkin Colour,Sports,$6.82
46f616ec-7566-4023-af07-cd47e84ee931,3XL,Wine - Kwv Chenin Blanc South,Movies,$24.23
761e80d8-a051-46d4-9bc8-ed6fa585ada1,L,Beer - Rickards Red,Clothing,$77.97
d7ad2905-58d7-482e-b42a-90b66590f920,L,Jello - Assorted,Automotive,$65.38
a4baf0d7-2712-4b07-98a9-8287a320bc47,3XL,"Nut - Pistachio, Shelled",Home,$47.74
68574e96-1c88-4a0f-97f5-14dac4e2adf8,S,Mix - Cocktail Ice Cream,Electronics,$95.47
4694268b-c1dd-4ead-b989-93c4135068d1,XL,Sobe - Green Tea,Kids,$18.15
10071752-240f-4432-88fc-3cd48f892c97,3XL,"Rum - Cream, Amarula",Baby,$83.31
fc4840a7-aa0b-46cb-9b1e-b862eac712f5,S,"Wine - Red, Antinori Santa",Clothing,$62.18
268fefea-ec52-4738-8a9b-54877656f7eb,M,Cheese - Brie Roitelet,Computers,$74.18
12ed746d-d0fb-4c64-9935-efddfa3909f1,XL,Whmis - Spray Bottle Trigger,Games,$60.80
ab39ba3f-dad0-40cb-a6c1-b716771bbe4a,M,"Carrots - Mini, Stem On",Sports,$9.29
5f5be41f-c1da-4243-ba00-d2c445b43771,S,Table Cloth 90x90 Colour,Outdoors,$97.84
ff9e5301-fd6a-4fbd-80c3-e2a0f9a348fe,S,Chinese Foods - Pepper Beef,Games,$40.66
c059dce3-8aee-4323-814e-7460413e2422,XS,Bar Bran Honey Nut,Games,$89.39
00a5dd71-10a6-4690-9241-b3d147a137f5,3XL,"Chicken - Wings, Tip Off",Games,$89.84
4a008189-bb44-4a14-bd83-2b8b92f86f0f,XS,Kiwano,Tools,$96.49
a32c3499-0ab6-4e26-b1ff-2edc43f38caf,2XL,Beef - Striploin,Beauty,$44.34
36e73231-c4ba-4f34-8b11-e1ecfe90b571,XS,Mangoes,Outdoors,$5.39
d07c241f-79b9-4930-82e1-a6ad1a0bfb8c,M,Scallops 60/80 Iqf,Home,$65.93
3784270c-badb-45ff-bc8b-ce9ba23eb8a7,XS,Lemonade - Pineapple Passion,Beauty,$92.32
a1c93acd-eaae-4c6d-9d3c-b4845d212e19,M,Wine - Chablis 2003 Champs,Clothing,$53.22
5ef88c99-c02c-4dfd-875c-05d5639b40d4,XS,Truffle Cups - Red,Electronics,$57.25
59dbfc94-3788-43c6-86d7-9b2af134f4e8,XL,Sage Derby,Industrial,$4.88
7aeb7031-06ee-4a06-96d6-ee318747d20e,M,Artichoke - Fresh,Baby,$66.06
9812f6b5-fbbe-422d-bac0-07d28d31530d,S,"Ice - Clear, 300 Lb For Carving",Automotive,$85.02
8519d868-385b-44aa-805f-4bf5ad999fce,L,V8 - Berry Blend,Jewelry,$69.01
80d7db10-7f03-4eca-ab80-8af5ba4bfa9a,M,Sauce - Hollandaise,Grocery,$30.01
0fb630e7-9027-4b4a-83a6-8758d3c12d9b,XL,Pear - Packum,Games,$72.70
b44a0891-c979-4df2-b13b-603b4a68655b,S,Pork - Shoulder,Computers,$44.57
29889122-3c3e-455f-8c2e-bab69baceb5b,XL,Pork - Caul Fat,Grocery,$23.08
ae649828-3de8-4f8c-aa45-7758f0c6835f,2XL,Nori Sea Weed - Gold Label,Toys,$76.14
5e8aff04-ac9f-4720-a7a8-49294d94418a,3XL,"Bread - Crumbs, Bulk",Outdoors,$13.69
0bbe272c-f20a-4755-8a57-597452ff8342,L,Potatoes - Mini Red,Outdoors,$71.57
3771fddb-0f91-47e2-bfa4-ae4c6f41aedb,XS,Soup - Campbells Bean Medley,Health,$84.21
8b577494-782f-453d-82f7-2826d7681afe,M,Soup Campbells Split Pea And Ham,Health,$37.87
eb531d8d-2098-4cb8-ac57-31ac3fd1350f,2XL,"Soup - Campbells, Butternut",Music,$85.87
3586de8a-10a3-4997-96bf-9e08a3a7fb82,2XL,"Gin - Gilbeys London, Dry",Games,$13.38
537c0a64-62cd-4b69-a6cc-5fbf51e0ff78,S,Lettuce - Boston Bib,Health,$95.43
d0722d18-4312-45fe-9a5c-ccabfe91018c,L,Truffle Cups - Brown,Music,$28.54
9b1f3411-c7a5-414b-ac8e-25e1eeb83d61,2XL,"Wine - White, Cooking",Computers,$17.07
ee1083c4-ee5f-4a83-ab44-7e72cd524c04,3XL,External Supplier,Toys,$35.74
2799760f-9628-49fb-94be-58d021c70417,M,Oats Large Flake,Outdoors,$75.63
6048ea19-beec-45f8-8957-7257efb649c2,XS,Wine - Taylors Reserve,Outdoors,$45.14
5784dda3-4e6d-42cc-84ea-10cdfbfd04da,XS,Cardamon Ground,Music,$51.57
1948daa6-3bc6-4e4e-9c6d-9ba4a06f45f2,XL,Puff Pastry - Slab,Health,$45.87
53dc1d79-b95a-4793-a6d8-73d7802f7c34,M,Momiji Oroshi Chili Sauce,Kids,$62.19
5eec99a7-54c7-4599-9221-d1ebff3fc7e6,M,Oil - Macadamia,Automotive,$49.88
e6c6574a-5f7a-49d2-9944-d3ab60e62526,S,Beef - Striploin Aa,Jewelry,$74.34
00f79e98-f265-4912-9d32-921a7b4dba7c,XS,Rappini - Andy Boy,Outdoors,$14.53
e7374b69-0a88-408b-b788-1160366b0b8b,XL,Basil - Thai,Automotive,$98.56
1a62858b-91eb-4a8a-b236-e5c5c3ef1e14,XL,Kippers - Smoked,Electronics,$33.73
4ac31a8e-d599-45dc-b21c-5ae43452a38c,L,"Fish - Halibut, Cold Smoked",Grocery,$87.10
c67fb2c3-3ff1-44bb-943d-7b3f5daf31c8,S,Lettuce - Radicchio,Home,$47.01
a6f1df7c-8814-4c8d-9c9a-6e6b9c111087,XL,"Oil - Olive, Extra Virgin",Baby,$37.22
d08b9def-4d14-49a2-b992-d23b69861c12,XL,"Lamb - Loin, Trimmed, Boneless",Shoes,$42.78
d805f9d8-ec33-4e7b-afab-5b0643874330,2XL,Salmon Atl.whole 8 - 10 Lb,Clothing,$6.22
12dd15f0-c22f-4a0b-85c6-d9258baf3478,3XL,Olives - Kalamata,Jewelry,$1.16
44539b9a-d88a-4c4b-b1e1-8df833b264de,3XL,Wonton Wrappers,Grocery,$48.17
fa45fae6-3532-4c6b-beee-0d20566a6537,2XL,Roe - Flying Fish,Jewelry,$33.44
45b5dfb3-835a-4c1a-9b6b-964a1fa62ff3,XS,"Lamb - Leg, Boneless",Jewelry,$71.29
6e24d849-9887-427b-9c04-832679bccc28,S,Cleaner - Bleach,Kids,$29.28
c61d0950-afee-4815-844a-821ee9473ee4,XL,Gatorade - Orange,Sports,$95.64
1d94298a-3cf7-4db4-b184-16c0a15d1da3,2XL,Chocolate - Chips Compound,Sports,$30.83
fbf3bce3-9335-42ca-9a96-4110c0d13534,XS,Foam Dinner Plate,Games,$34.02
3e510122-c01e-4b31-8a58-331c48b8fced,L,Longos - Greek Salad,Electronics,$80.50
e9fadc8e-f3b2-400f-83b1-1ef67694026c,XS,Lettuce - Boston Bib - Organic,Industrial,$69.34
f2facb36-5ee3-4f61-87ba-c34cdec9b6fe,XL,Pepper - Chilli Seeds Mild,Tools,$64.60
d7af7a72-3609-47ad-8d19-904ff5bc9220,L,Pear - Halves,Grocery,$27.39
f64c1292-02f5-4ed4-a560-d15b216df358,L,"Salt - Rock, Course",Grocery,$50.52
4dd72f2a-92a0-4c9d-a029-65253a4cb592,XL,"Bread - Pumpernickle, Rounds",Shoes,$11.14
d6485558-be24-43f8-8da4-7264f0e970c2,L,Ecolab - Hobart Upr Prewash Arm,Computers,$7.23
8274ca71-9d23-4e17-a815-226c1983559b,L,Onions - Red,Garden,$62.20
ad7d8f90-fabb-4bd2-ab54-60ea88765bd6,3XL,Compound - Rum,Games,$92.74
315a2327-9476-4e77-9e2a-e88dfa211cee,S,Spice - Peppercorn Melange,Clothing,$99.76
048f09e9-ff79-4a66-8f58-cb8fef6c75e1,XL,Cheese - Le Cheve Noir,Computers,$92.10
51132b0a-82f9-4731-8e57-681e03bfdc7a,XS,Lettuce - Arugula,Tools,$27.39
7fdd636a-c7b6-4f4f-a174-507f2fe15017,L,Chinese Foods - Pepper Beef,Home,$31.38
102c2b1d-4fb4-4b15-bec9-52e7dc71d888,L,Turnip - Mini,Outdoors,$77.95
dc4f6716-710a-4ba9-bf32-f7f5dc18c004,2XL,"Stock - Veal, White",Movies,$92.64
32b4ecc8-05a2-4199-b254-a71ad287e2fc,S,Sauce - Plum,Movies,$53.97
87b6c401-e36c-4032-9feb-27ef3774b08a,2XL,"Cod - Salted, Boneless",Health,$76.31
5769f102-9442-494e-a6ad-8d13b4e27bf6,2XL,Grapes - Red,Health,$98.30
117763d1-9e0e-4dc8-8414-734f3705249b,3XL,Pork Salted Bellies,Sports,$63.27
ae88994c-26e3-466f-af9b-5be3f9e7792c,XL,Sage Ground Wiberg,Beauty,$56.52
adbc58b6-3b44-4722-8781-e020d85f660d,2XL,Plaintain,Kids,$4.88
9e88127d-a53c-4916-b2a0-5bdfc3ce6718,2XL,Chocolate - Compound Coating,Movies,$25.30
4f8fb7e6-c7c4-43ee-86d4-806bab971a73,XS,"Pasta - Penne Primavera, Single",Garden,$42.77
16226443-0c56-4ba0-a4bb-a0e705a86e40,L,Cheese - Mozzarella,Garden,$66.28
88a72597-e611-49d6-82e5-9751e1153575,L,Wakami Seaweed,Home,$46.53
36011f27-c581-46d2-8d64-9fff657cd747,S,"Potatoes - Instant, Mashed",Shoes,$51.65
020753f1-edbd-428b-9ebe-048fe86d9956,XS,Salmon Steak - Cohoe 8 Oz,Music,$50.39
248d5e0c-288b-4055-8203-2eff03906366,S,Ecolab - Hobart Washarm End Cap,Outdoors,$4.89
062366f5-278c-49c9-9907-5bd967bb7700,2XL,Cauliflower,Clothing,$42.95
80308f12-bc17-49cc-9efb-2e6d4a847fef,XS,Sauce - Rosee,Beauty,$8.89
eafbde70-0a6c-4b76-a769-a6e4ad3d6a34,XS,Beef - Tenderloin,Home,$70.92
ab78cbe6-a680-44a5-93a0-ccc8a4581b65,L,Oil - Macadamia,Computers,$89.30
9ff64374-201e-4d6b-8885-02a4a2d36449,XS,Soho Lychee Liqueur,Clothing,$47.41
1db091e5-c516-4286-84a2-8d687d6c0331,XL,"Beef - Baby, Liver",Health,$62.58
c332b2a2-bf50-49e0-b27c-5b585d1a3c8b,L,Sauce - Caesar Dressing,Health,$66.96
43017323-92a7-4bdd-b69a-cd535be2a538,M,Egg Patty Fried,Automotive,$58.11
af2d5e98-e569-4c04-a650-8f6304d9117c,M,Cognac - Courvaisier,Computers,$90.84
72f03284-13df-4699-9f6c-26f26b1dfb37,S,"Bread - White, Unsliced",Home,$38.09
849b80d4-5eb2-4370-b3bb-030fe1623789,M,Wine - Peller Estates Late,Grocery,$62.85
d5b9a7eb-d8fb-4291-9d44-a639e59b1a9b,3XL,Parsley Italian - Fresh,Games,$39.01
02b1b151-8f0f-40eb-92e5-c261ea0ec8a6,M,"Salmon - Atlantic, Fresh, Whole",Shoes,$44.80
15c50ef1-f994-4b44-8e8e-ba2f00baf546,L,Apron,Grocery,$85.28
a0b8ad3b-e7b7-4d8a-8c24-4091538fcc70,3XL,Beer - Pilsner Urquell,Computers,$46.77
5c6bde48-a903-4503-bc64-15dfe7ff41b4,2XL,Vinegar - Tarragon,Toys,$18.04
a36e20a8-1693-420a-b3d2-83b064fce10c,M,Plate Pie Foil,Automotive,$10.80
ce541ffb-0b4b-4035-afc2-fdb952dfce0c,S,Island Oasis - Banana Daiquiri,Games,$75.25
1edce639-9f89-483b-ba19-bd5286300ab4,L,"Pepper - Paprika, Hungarian",Beauty,$18.00
9c05ee87-d4d1-47e2-90bb-ee0968bed536,2XL,Beef - Bresaola,Music,$17.23
f03f3bff-befd-4549-953d-b6f466a37573,XL,Chevril,Tools,$13.37
a0ebfb5d-f235-4804-b336-c2d76cdd7bec,3XL,Beer - Labatt Blue,Outdoors,$92.60
0a9ba26a-440d-42a0-8e22-f2e80385117a,M,"Tortillas - Flour, 12",Jewelry,$87.18
6ad9a568-fd06-4dbd-8d4c-eae3100ffd8f,XS,Sweet Pea Sprouts,Health,$37.10
3c0a21ba-63ce-43ac-9aac-33b275c73914,2XL,Wine - Cotes Du Rhone,Health,$73.65
df327013-4cdb-4d27-8649-71b5d23de8fd,XL,"Juice - Apple, 500 Ml",Outdoors,$37.45
883f1ff2-4f33-4545-b730-d21d5901d76b,L,Chicken - Leg / Back Attach,Tools,$20.98
83409be4-2dca-48ba-8fd3-4cc27fcb2565,XS,"Ice - Clear, 300 Lb For Carving",Toys,$8.95
21662c14-fcc2-4415-921b-b98bade45260,3XL,"Salmon - Atlantic, Skin On",Tools,$4.78
c9adb703-8404-4b63-9424-56353abec369,XS,"Nut - Almond, Blanched, Whole",Music,$24.58
3e8d6b60-4510-4742-9260-db07f6058624,S,Wine - Merlot Vina Carmen,Sports,$69.16
ef5be7ee-967c-44ae-9b33-7a6b18bcd180,M,Soap - Mr.clean Floor Soap,Movies,$36.02
656b7028-0935-4a52-9aff-197509ef4423,L,Beef - Bresaola,Baby,$17.51
4439cf30-dc32-4963-a3e4-b910450ddc7d,M,Lettuce - Lolla Rosa,Sports,$46.90
b94998f8-10fd-4882-9020-c059eea8f75f,3XL,Pork - Ham Hocks - Smoked,Health,$37.03
d4dffc7d-f5bf-4a35-85ac-c0b2c01d4c6a,3XL,Goat - Whole Cut,Shoes,$16.50
13eee53b-e861-475c-afec-af439934cbd6,2XL,Soup Campbells - Italian Wedding,Shoes,$16.54
99bdabcd-a3e2-4e2f-8ae4-9996ced650d7,3XL,"Crab - Back Fin Meat, Canned",Jewelry,$3.71
fda466a0-cb67-44e8-a854-7a398ce2c1dd,M,Chips Potato Reg 43g,Industrial,$50.88
ea5311c8-a802-49ee-9624-0e8c10944bd2,XS,Fennel - Seeds,Music,$51.28
7e30fdf8-7d55-4cc3-b7b9-a5106acc0cda,3XL,Kahlua,Jewelry,$79.58
e885f5c2-3689-4484-b1ee-8bee443f5353,3XL,Pernod,Home,$14.84
ce6e1554-242f-44be-b549-3c5a8a315641,3XL,Parasol Pick Stir Stick,Kids,$16.34
fa0b5c79-4fbd-4fa8-841c-f7112e731363,XS,Pork - Ground,Garden,$34.63
5ec58023-e704-4baf-a9ab-b1303c4a14d6,S,Cake - Dulce De Leche,Tools,$60.13
f8690ae2-52ae-4b2b-8079-3eeff75446a7,M,Oil - Grapeseed Oil,Home,$25.54
cfe7b336-a544-4915-bcff-13202e94b162,XS,Lettuce - Boston Bib - Organic,Kids,$79.56
9a59d1c0-c526-44c8-853f-cfe57d9953e1,XL,Carbonated Water - Blackcherry,Toys,$24.71
9717619a-aa07-4529-81d8-81198aa93c6b,XS,"Tray - Foam, Square 4 - S",Kids,$2.47
dc2aef4e-0ce2-4af4-939f-b6c7ef90b32d,2XL,Yogurt - Plain,Automotive,$86.27
67fcc52e-a220-4f47-98e3-f900e9fda983,L,Crab - Meat,Movies,$45.44
790f20c4-5139-41c9-a51b-e33faec752c7,2XL,Wood Chips - Regular,Automotive,$29.58
9e916a72-8bb0-41bb-a082-cf3f12f13c1b,M,"Wine - White, Antinore Orvieto",Home,$2.29
0d61d1aa-e8d7-415a-ac09-a60b4a12372c,3XL,Ecolab - Hobart Washarm End Cap,Grocery,$56.93
400466b7-da21-46ee-9ab8-9d64bbb5950a,3XL,Seedlings - Clamshell,Outdoors,$5.75
8cd8558f-b3a8-4e61-971f-8492b62872ea,M,Star Fruit,Shoes,$65.08
787f30c8-a8b2-4e05-a8da-e56e5863ba12,L,Cheese - Grana Padano,Clothing,$26.71
62089118-091d-41c3-ae55-2a361c7b56be,L,"Bread - Sticks, Thin, Plain",Sports,$85.39
bd99e2d4-d95e-4a61-a216-7c671c6726be,XL,"Garlic - Primerba, Paste",Outdoors,$27.90
9952c67e-982a-4fb3-a06f-ebf10a8c36c8,M,Pepper - Red Bell,Grocery,$58.18
eb8b7807-77a1-47fc-9d54-ff3007638ff6,3XL,Spice - Pepper Portions,Industrial,$45.99
44050d73-d861-4b4a-a077-25739d25974d,XL,"Soup - Beef, Base Mix",Grocery,$40.67
d4c529f8-c2e7-444a-83d1-008f0b018122,S,Beef - Prime Rib Aaa,Industrial,$50.78
0e354bb9-5319-40e0-87c8-4b91fdf7de2d,3XL,Cinnamon Buns Sticky,Home,$38.13
6a5e4712-0ec2-4529-b879-83b1cd5907bc,M,Swordfish Loin Portions,Shoes,$65.09
fedb94b4-c93c-4524-a02a-5b74fab56b41,XL,Shortbread - Cookie Crumbs,Baby,$94.24
f7554f88-c110-4981-9c03-458e9cfe8f1d,3XL,Easy Off Oven Cleaner,Tools,$34.12
6757ada4-6631-482f-98dc-d3b99bacf699,M,Chocolate Bar - Reese Pieces,Beauty,$62.48
8debd6fa-4942-4b51-8fd0-81da8da73297,M,Bread - 10 Grain Parisian,Industrial,$53.87
97d689ce-df8b-48df-bfa8-5130c50393f2,3XL,Pork - Caul Fat,Automotive,$83.44
4e29cfc0-b7bd-4c79-90e9-152077ce3b12,3XL,Gherkin - Sour,Beauty,$93.43
ab4b54a2-650c-4149-a64f-0bc46fcaed72,3XL,Cheese Cheddar Processed,Home,$71.44
88122374-b771-4376-8339-eeb7729c5e40,M,Cheese - Ermite Bleu,Games,$84.30
112be7ac-dbf4-4df1-a6e3-48f436e22fdb,S,Peppercorns - Green,Industrial,$89.97
008bc920-f96c-48f5-81e1-39c686a9699c,S,Venison - Racks Frenched,Electronics,$84.46
2ac919fe-8be4-4738-a6b0-2656b0d477c4,3XL,Glass - Juice Clear 5oz 55005,Electronics,$98.78
860eddc8-243c-4296-ad52-58f665b5568c,2XL,Oyster - In Shell,Jewelry,$89.48
a7c8d05a-fd64-4b4c-abd6-646cd287634b,M,"Juice - Tomato, 48 Oz",Sports,$46.76
c2bbe597-35c6-451b-b23b-d69f6a62cfab,2XL,Bread Ww Cluster,Electronics,$74.16
f7615179-845f-40c1-a49d-da2a11668672,L,Cake - Sheet Strawberry,Sports,$40.59
b64fdeeb-d47d-464d-8d78-2b8ca3c7e76b,M,Burger Veggie,Home,$51.19
ef547f56-fec0-4a4b-9f50-a3dfb9b30c25,XL,Muffin Mix - Banana Nut,Kids,$26.68
ecdc60b2-6315-4bc6-89ad-7f2536ef0597,L,Soup V8 Roasted Red Pepper,Games,$80.74
bbb5440f-4c07-4cc5-a88b-037db047787b,S,Ice Cream Bar - Hagen Daz,Shoes,$7.95
c4b09b97-12c9-4d78-87da-45f911dd2249,L,Pork - Hock And Feet Attached,Beauty,$5.55
767b59db-d69a-4722-8f84-5f4ce82d7957,S,Food Colouring - Blue,Tools,$48.43
0139fa5d-f3cb-4189-a506-dfb4688cdc1e,XS,Shrimp - Black Tiger 26/30,Jewelry,$48.66
6e4e8a8d-b576-40a1-9398-e1d59f9d278e,XS,Bread - English Muffin,Home,$29.22
d582c228-b726-4d4f-b27a-5903df2bba5e,XS,Nantuket Peach Orange,Shoes,$41.21
a6ee7ddf-e77f-4f56-ab90-1f91fccacde0,3XL,Plums - Red,Movies,$36.44
b0580a73-9fa0-45a2-8c32-6eb3d1c3591e,3XL,Wine - Bouchard La Vignee Pinot,Computers,$62.17
7bec0b74-f72a-47b3-a9f2-cc15a6167fa9,2XL,"Coffee - Beans, Whole",Garden,$5.60
8b785ae1-b5ea-4628-a372-e83c2fab7ef8,M,"Basil - Dry, Rubbed",Garden,$93.02
ba2905a6-d8e9-43e0-9058-1559492dca23,2XL,Watercress,Shoes,$12.94
df623613-1a14-4d3d-867d-66b5764dcf11,3XL,"Pepper - Chipotle, Canned",Beauty,$50.36
6950be0c-ef3a-46f2-a9b6-db7227be9c91,XL,"Quail - Whole, Boneless",Health,$35.15
57d0b067-154c-4377-beea-1e6cb7001348,L,Onion Powder,Kids,$82.48
7547cf81-e443-4401-b3c6-202ea1c0c247,XL,Oxtail - Cut,Home,$79.18
5b656da8-cd58-4295-a324-16f2de2d63af,2XL,"Pepper - Chillies, Crushed",Music,$8.01
cb78342f-bfad-4505-89bd-ea6ffb4c737d,S,Crush - Cream Soda,Industrial,$92.18
ed0721cc-5c4d-4331-8af3-68e3a210311f,L,Drambuie,Automotive,$33.18
c4dbd8d6-9b29-447c-8382-17515b00f357,M,Icecream - Dstk Cml And Fdg,Electronics,$75.41
ed1f75d3-89f1-4301-9d8b-1f2a562ecb34,XL,Green Scrubbie Pad H.duty,Clothing,$38.26
2f57628d-226c-4b88-84f2-60caa5073812,XS,Cheese - Fontina,Grocery,$55.20
61964f39-dcd8-4379-a40e-ac88b8a068bc,M,Cheese - Cambozola,Jewelry,$89.87
d151acdb-a908-4133-bd35-05b1a1d07609,2XL,Venison - Denver Leg Boneless,Health,$79.97
662c0417-5408-40a7-92b2-a6b99fbd7362,3XL,Momiji Oroshi Chili Sauce,Books,$45.56
2819949e-c450-4cd3-a0c4-47b7a0eb4a03,L,Sherry - Dry,Tools,$9.26
fd66cc40-6bda-41ad-904b-f6774b7295d0,M,Cheese - Marble,Toys,$27.18
52f63b7e-1d0d-4c07-8ddc-77d4345bc069,XL,Flour - Chickpea,Home,$99.04
e9b84070-4c82-4d17-9e7f-e9d2c4e67ba7,S,Crackers - Soda / Saltins,Beauty,$51.68
df982472-4ff3-4e16-96a7-3d7a263f325e,XS,"Marsala - Sperone, Fine, D.o.c.",Games,$20.20
fdaa50ce-0064-49d6-9af0-290994165678,M,Beans - Soya Bean,Outdoors,$35.39
c6febcdb-039c-4eef-b36e-1ca9b92ebc41,XL,Pimento - Canned,Beauty,$84.08
a35f849a-da6e-43e5-921b-78251249c14d,2XL,Soup - Campbells Mac N Cheese,Shoes,$43.49
cf7edf8a-ba81-47d7-84ed-c6da3de08c0d,XS,Milkettes - 2%,Health,$68.47
92359643-0e48-4619-9c69-1c8fc8afb703,L,Sea Urchin,Grocery,$81.63
740bc086-29c1-45c6-931e-806e5c50395c,2XL,Lamb Rack - Ontario,Electronics,$99.09
3feb316c-fa28-460b-997a-a007dea94e92,M,Coconut - Whole,Kids,$32.38
f00b94ba-0ab6-4ffb-80dc-042fba0a1b2e,XL,"Lamb - Loin, Trimmed, Boneless",Jewelry,$44.63
00af6bfa-1d6c-406c-97a9-42c957f1b642,M,Energy Drink Bawls,Computers,$91.87
1d84d87f-46ab-4e1b-8ce9-e68113328762,XL,Cilantro / Coriander - Fresh,Music,$78.79
a64a8121-4cee-4a23-b142-0d23971af2a1,3XL,Basil - Thai,Baby,$38.14
c7d1132e-9959-41bc-ad15-964547a5843e,L,Calaloo,Tools,$85.31
741b7e81-e746-4d08-983b-323a1006861a,XS,Bar Special K,Movies,$30.28
aeef4e22-0731-4553-9856-7580a0607693,XS,Bread Fig And Almond,Kids,$59.83
f1efe145-09ca-4059-9331-423ad55ed0f7,M,Mushroom - Chanterelle Frozen,Sports,$11.41
317958ba-678f-4a2d-b1c4-5a6275a1349f,L,Stainless Steel Cleaner Vision,Electronics,$82.19
b5d788f7-4ba4-49ae-96da-e23eb5096b3c,3XL,Towels - Paper / Kraft,Tools,$40.45
135628b2-8e60-46b1-a1c8-81ac0fb34679,XL,Nantucket Orange Juice,Home,$78.42
0e291d12-7ee3-40c0-bf36-59ce0a8d9b97,M,Beans - Soya Bean,Music,$1.60
4e2cbb9f-5246-4eb5-b896-a59618c10fb1,XS,Mangoes,Music,$92.96
84be3039-cd83-4fad-802c-6b72b6c52fc7,XS,Mushroom - Lg - Cello,Jewelry,$85.61
a62021cd-15ef-4566-a73d-a54a8319ddab,XL,Wine - Cava Aria Estate Brut,Garden,$95.37
c3793613-b669-4101-a156-529ae6eca581,2XL,V8 - Tropical Blend,Games,$46.32
ce0ccfcb-1f08-4a14-a3c7-67cafc47a227,S,Muffin Mix - Chocolate Chip,Books,$60.87
168dd25f-27af-4294-91b9-5cab12ebb94c,M,"Soup - Campbells, Cream Of",Clothing,$20.79
1314f8aa-1dc9-473c-9447-c5590be6015c,2XL,Beef - Bresaola,Jewelry,$29.55
2a37da95-1f31-43ec-82f5-259eb2be17b9,2XL,Cookies Almond Hazelnut,Books,$98.33
d1a7e0c2-1da0-4e71-b4d8-7aa1e1ae8e01,XS,"Beans - Navy, Dry",Clothing,$18.67
3daac4b3-ed7c-4fa6-bec6-87aaf31281ce,XL,"Split Peas - Yellow, Dry",Games,$4.11
25f00dab-737a-4105-b97d-fe5a864f6ff8,XL,Cheese - Shred Cheddar / Mozza,Automotive,$74.20
b08f39d1-a186-4cfc-b731-feb3b1a7c431,L,Hog / Sausage Casing - Pork,Garden,$95.53
3e938746-df96-4dec-880c-c212264efafd,XL,"Pork - Back, Long Cut, Boneless",Books,$73.72
826fb82c-cf7f-4419-a41a-90dfb25c22f7,M,Cheese - Ricotta,Shoes,$73.37
a7f681b7-1f32-4eaf-a1ed-24ed7f766d3e,2XL,Wine - Duboeuf Beaujolais,Industrial,$91.12
94791225-7062-42eb-bf40-34a8c6fbcddc,2XL,"Nut - Almond, Blanched, Sliced",Books,$40.49
e40a97b1-87e5-4eea-b269-f1096b80dea6,S,Longos - Burritos,Outdoors,$37.20
e1eae7c7-8b49-4514-bfd5-a72016b1f939,M,"Mushroom - Enoki, Fresh",Jewelry,$58.59
9e26c758-5546-4adf-aa19-3d0229b3e9b4,XS,Shrimp - Black Tiger 8 - 12,Clothing,$90.78
7b63cee7-419c-49c9-9b15-c1104b5f6bfa,3XL,"Brocolinni - Gaylan, Chinese",Electronics,$12.14
aa1563e4-793d-4f77-b06f-e696305f4ed3,L,Beer - Camerons Auburn,Clothing,$32.80
4d18e113-cee5-497c-b4bb-17810d27e181,2XL,Pastry - Banana Tea Loaf,Health,$35.41
f823696e-1f0f-4ab2-83da-3c32ec6f598c,XL,Poppy Seed,Electronics,$21.88
047a9a76-4b8b-4c32-aa34-da94f5a69a15,XS,Broom - Angled,Shoes,$99.97
0dacdb7b-5c41-46fe-a03d-a1790e224adc,L,Wine - Marlbourough Sauv Blanc,Tools,$7.26
8625589b-5733-4f39-ad55-083ce11b1a03,2XL,Venison - Striploin,Movies,$8.21
fc0c236c-c5cf-42cc-8a67-5dab20601235,S,"Lamb - Leg, Diced",Beauty,$56.64
6f0c9cbb-992e-45d9-94c4-275a58827d66,XL,"Shrimp - Baby, Cold Water",Garden,$35.86
bde19782-3a72-49eb-ae5c-f0339bf5c80e,S,Mcguinness - Blue Curacao,Computers,$65.73
61253983-5b70-4a31-96cb-6ef75d9fa4c9,L,Tomato - Green,Shoes,$49.24
d6d61654-4cc1-48c9-a72a-37a89ad49729,2XL,Extract - Almond,Health,$57.75
f8d6d2d2-56d3-4a02-ac69-ca12027a02aa,L,Beer - Sleeman Fine Porter,Baby,$1.09
5f96dcb0-bcd4-46d2-a0fe-01d6316bf6b5,2XL,Goat - Whole Cut,Home,$24.88
6226d2af-16f7-4c8a-9a37-c0d701369d8e,2XL,"Pasta - Gnocchi, Potato",Tools,$93.27
f8fe0d54-59e3-4963-8211-bee7fdc8e16f,XL,Beans - Kidney White,Baby,$66.36
f8994369-5734-414a-aa65-a3fb18432d3f,S,"Lamb - Loin, Trimmed, Boneless",Sports,$2.80
8c24720c-7e24-41a6-b176-0713d3fad69e,XL,"Crab - Dungeness, Whole",Computers,$65.24
ff1cc988-56b0-4c27-9cab-4da99f382f35,M,Tandoori Curry Paste,Beauty,$23.13
969c9aca-f938-46ca-bbb8-1ee0f1466d25,S,Lemon Grass,Industrial,$70.86
d247a594-7794-4f70-937b-cc6225da5710,XS,Liqueur - Melon,Computers,$54.00
ee1240d1-cfe5-497d-966d-77235cf638e6,3XL,Eel Fresh,Grocery,$66.87
3772f90c-acbb-4148-9ad3-2ab0f7c55de6,XS,Soap - Hand Soap,Books,$78.58
0d8e236e-990f-4bcc-8041-8a6d5e0828b6,M,Water - Tonic,Games,$9.31
44e9ac69-3a8d-43de-9e36-2a82700a4919,XS,Anisette - Mcguiness,Outdoors,$84.38
96a41da7-d3c2-4d61-b96b-271c881c940f,M,Bok Choy - Baby,Books,$70.31
243e912c-e404-4d39-b4ec-ea0950b406fd,XL,Fish - Bones,Movies,$53.12
6d091872-ff41-4a63-ab14-3beafa084112,XS,Chips - Potato Jalapeno,Industrial,$50.98
71b129c0-5190-4566-a670-e50736913757,S,Garbag Bags - Black,Sports,$60.38
e10bdef3-8f2c-4c66-8b32-46a75e374b0a,S,Bay Leaf Fresh,Garden,$37.94
d1b5ec60-5e7d-44a3-9902-1f6de8a07c3c,3XL,Pepper - Chili Powder,Baby,$72.73
a24d5b40-498d-49be-b470-4becbea34520,L,Beer - Steamwhistle,Toys,$91.15
ce871740-6166-42fa-a64e-3de84262f1de,XL,Southern Comfort,Clothing,$37.07
543057c4-cae0-4489-8ad0-ce8e763ea526,M,Avocado,Beauty,$37.85
2c6a087d-9855-4cde-84f9-9480c48b6f92,XS,Piping Jelly - All Colours,Jewelry,$24.80
306b7eb1-efe7-41a3-9ce1-a2e86bde8c65,XS,Milk 2% 500 Ml,Shoes,$25.04
a00f89fc-6f4b-4af7-afa7-7578cabb9b5a,2XL,Wine - Pinot Noir Mondavi Coastal,Home,$32.62
f44dd243-2e89-474f-b41e-a1e7a639c848,L,Dry Ice,Toys,$89.17
d08b06da-5f27-444f-94ea-3cc8db881d20,XL,Star Fruit,Kids,$18.71
52739e26-12e3-4013-bd14-d9e3d3029046,XL,Beets - Mini Golden,Movies,$60.17
def12070-7a4d-4949-929a-fbfb014d0898,L,Beef - Top Sirloin - Aaa,Games,$12.93
b7b3a968-9f16-4315-a2de-c08bd31e0b6d,XL,"Tomatoes - Vine Ripe, Red",Home,$80.07
2dc369e5-964a-492a-a87e-ad65ecac4b83,2XL,Cup - Translucent 7 Oz Clear,Sports,$89.03
899b12b0-49f9-4bed-bb34-f3a035fea9cf,3XL,Energy Drink - Redbull 355ml,Movies,$18.32
976026e3-bc2a-45ea-ab29-07eb44c721c4,S,"Wine - White, Riesling, Henry Of",Garden,$57.23
d61538f8-be68-41d9-a7dc-36fb82360575,S,Flour - Strong Pizza,Books,$29.39
cc5a1c78-61c2-49af-862f-625e7cec33a5,M,Filo Dough,Automotive,$21.24
a8889f9d-0fe2-4389-8ec3-0cbd849a1afa,3XL,Cheese - Swiss,Garden,$87.19
56df3fb1-acc0-46ae-8640-2608bae682d1,XL,Tuna - Loin,Electronics,$96.47
ef541eaf-892d-4213-bf71-105894ab40e6,XS,Apples - Spartan,Music,$81.35
cf87062e-863c-4778-9147-580a8bd23962,S,"Beef - Tongue, Cooked",Kids,$25.91
148c3502-ac3c-416b-ab02-20f7b0768476,M,Longos - Penne With Pesto,Electronics,$52.24
32fddaac-e870-47bf-a333-ed784ad76df0,2XL,Coffee - Irish Cream,Grocery,$88.13
2c032fb8-d62e-4a10-8404-51e771e08863,M,Toamtoes 6x7 Select,Electronics,$58.41
be589415-754c-45b3-9ab7-6831e3f17dd3,XL,"Nut - Almond, Blanched, Ground",Music,$4.32
d630c329-d928-471d-972d-bd82d5366ca5,XL,Chips Potato Salt Vinegar 43g,Shoes,$3.13
8890603d-dd88-44b3-a790-733a7aedecdd,XS,"Squash - Pattypan, Yellow",Jewelry,$42.74
1f91b6c4-167b-4084-9977-7fdbe925873f,M,Beef - Eye Of Round,Beauty,$18.28
f1eb4b03-3a80-43d9-9e12-476a60436744,L,Dc - Frozen Momji,Grocery,$8.89
15967de0-da70-4522-9b89-2800f3042a10,L,"Pepper - Paprika, Spanish",Grocery,$87.23
d8a0c6e0-378d-4c13-9800-b26ed5000a81,S,"Mushroom - Enoki, Dry",Industrial,$34.40
8a9b1c02-f098-4dd5-ae3f-efe3b552cb87,XS,Wine - Ej Gallo Sonoma,Sports,$72.28
2ebc38c3-c8e8-4201-a214-d2ac36e34bd1,S,Soup Knorr Chili With Beans,Outdoors,$74.07
10d9551c-2d88-4e51-82f4-3ca4f6188f3d,XL,Salt - Table,Garden,$63.28
ebaa946c-e2a6-432b-b76a-a22f700c7580,S,"Water, Tap",Music,$74.50
4a2a1681-2d82-459c-9411-95738bf9ca5b,3XL,Wine - Lou Black Shiraz,Baby,$40.32
63c04ea5-c114-4fae-bc1a-b85fcc652fd1,2XL,Broom - Corn,Sports,$87.24
f91a57ae-49ef-4e1b-a5c7-f3b6731f68b9,3XL,Bar Nature Valley,Computers,$90.07
bb4e0207-a2ae-4a5d-ab45-23f79c1f4c35,XS,Cabbage - Savoy,Home,$17.53
cae1b8c9-e283-4f3f-aa07-fff7b0283b71,L,Nantucket Cranberry Juice,Kids,$10.61
ced9eecd-d7a1-45f7-b0e0-5b0272a7f0e5,M,Wine - Stoneliegh Sauvignon,Shoes,$35.80
a2d9e73c-9ec9-41d1-afcb-e430b7521441,XS,Wine - Pinot Noir Stoneleigh,Home,$45.97
b948f927-cdca-4e3e-a274-4cdb086300c7,L,Pheasants - Whole,Books,$78.14
8fc50810-91ae-4efb-91ce-4373049d4eb4,L,Sauce - Demi Glace,Home,$98.88
6f84fc28-7a1d-49f4-85bb-e17b00a95766,XL,Table Cloth 62x120 White,Kids,$5.21
76e2d078-fb93-4f99-8485-2be5acb02f3c,3XL,Wine - Chianti Classica Docg,Jewelry,$65.90
58715ead-c489-43be-aea1-aa4a65a64ecd,2XL,Cake - Lemon Chiffon,Outdoors,$16.09
4eb0cee7-9dfe-4c4b-b02c-761979277459,3XL,Haggis,Books,$65.98
27e56b46-c303-45ce-8eab-09a9a3e2c687,S,Sprouts - Alfalfa,Automotive,$49.61
065572a5-24d3-478b-a6d2-ecfac38f6d02,XL,"Salmon - Whole, 4 - 6 Pounds",Kids,$68.78
49456360-bc82-46b3-a683-1dc47d045c95,XL,Tomatoes - Cherry,Clothing,$46.39
8ce0b208-6fe2-4937-8fb5-3f22cded5b37,M,Cheese - Le Cru Du Clocher,Garden,$15.42
f8b8affa-e28f-4c5a-a78c-b80f85aba524,L,Table Cloth 90x90 White,Sports,$52.66
dc42a24d-ca61-4c53-87ed-4e1568ad4da5,M,Bols Melon Liqueur,Home,$22.37
dcfcf420-8a88-40a9-b979-809b8af4f778,2XL,Bacardi Mojito,Clothing,$66.30
2aca8ff2-3e41-45bc-bb56-91b734f8e08c,XL,Steel Wool,Tools,$93.31
72f8fb53-012a-40a6-9fe7-1c3b99cf73c9,3XL,Appetizer - Mushroom Tart,Kids,$88.09
1addb04e-af44-4362-a8b9-061045796d4d,M,"Pail - 4l White, With Handle",Home,$62.19
a422ffce-ca40-4bf7-99b5-c61af2934e2b,XL,Sultanas,Movies,$66.71
963838db-fe3e-4191-bc8f-3a81acd41abd,XS,"Juice - Pineapple, 341 Ml",Garden,$13.24
b7cdad1c-df78-4351-a915-ea2328f25d56,S,"Wine - Red, Antinori Santa",Automotive,$19.34
594ad38f-5c5e-43b4-945a-430d7394a45d,2XL,"Split Peas - Yellow, Dry",Home,$76.66
ba686f51-a98a-4d8e-8480-650351a91c5f,XS,Lettuce - Lolla Rosa,Jewelry,$96.66
f07f4805-c6ff-45ef-a1f3-c56bfbc54f87,XS,Truffle - Peelings,Baby,$59.02
8e1ad386-661b-4462-ab55-97184debc32d,S,Wine - Winzer Krems Gruner,Computers,$60.36
4982796e-0742-49e7-af66-bcd2c53197b3,L,Spice - Montreal Steak Spice,Shoes,$86.96
341376b3-6d2b-4caa-8414-518763d93819,XL,Tomatoes - Yellow Hot House,Automotive,$24.23
52b5f52e-2d9d-4433-af51-74c86d0bb312,2XL,Celery,Games,$93.26
6c3dc070-84f1-45b3-bf6a-beef44dac850,XL,Gherkin,Health,$21.70
cea5f50c-00f7-4597-83f4-d60b0de0c7c3,XS,Seabream Whole Farmed,Toys,$90.29
56042151-9a20-4713-8574-30df32dcdad6,XS,Cookie Choc,Grocery,$23.39
ad58b738-da8c-4ced-ba4d-cba9fc84ec56,3XL,Bread - Calabrese Baguette,Tools,$34.90
0aeb6282-e6d0-4e2f-9465-308da4f66769,3XL,Coffee Cup 12oz 5342cd,Home,$4.40
760d1bbd-a715-483d-947f-5fa92150728b,S,Clam Nectar,Automotive,$64.02
07c0adfd-32b5-4bfc-bc1f-a8cd89151ea9,XL,Lettuce - Iceberg,Music,$96.47
432b8cbd-9560-46c2-948b-a5bd2d5c8e7f,M,Trout Rainbow Whole,Computers,$75.40
433feb6c-e84a-4623-9eaf-5288d6905e7a,3XL,Crackers Cheez It,Baby,$75.67
c74946f7-160c-4bb6-8cf7-8865b8ec3047,3XL,True - Vue Containers,Beauty,$3.73
f084ee94-e817-49a1-a3b9-73d890ea01bc,3XL,Squash - Acorn,Industrial,$69.21
b1b9d082-ea8d-4efc-b1a6-661dc2f6bded,2XL,"Trout - Rainbow, Frozen",Toys,$72.28
340a957a-b246-494f-acbc-e84ecbe51158,S,Loquat,Outdoors,$11.95
59230c5b-e8d7-40ca-a348-f79a62f05a15,M,Cheese Cloth,Electronics,$72.33
7b3a634d-ddfb-4a79-a667-f2763e692c74,M,Juice - Lemon,Toys,$51.96
0805e8ec-cbc8-4e6e-bb51-e52aca0ed8b2,XL,Butter - Pod,Movies,$54.58
88b85694-f19b-4426-abfd-80420bcdb84a,XS,Ham - Black Forest,Grocery,$74.14
6fc6d98a-99ec-4f54-a470-e7c2c8e4c8b3,S,Chocolate - Unsweetened,Computers,$70.17
577478e4-6277-45c7-aa7e-808cbf41d424,2XL,Longos - Chicken Caeser Salad,Games,$18.15
b52a116f-0763-49ac-91cb-79e76626875f,2XL,Wine - Balbach Riverside,Toys,$43.45
95ab59dd-21e1-4699-8a8b-87d0cc754e78,M,Wine - German Riesling,Home,$39.69
7cb32e59-a65c-4500-80b9-660cd63e0643,S,Island Oasis - Pina Colada,Shoes,$12.50
ce393337-c2b3-41f5-976d-87d3c77a5a76,L,Taro Leaves,Jewelry,$45.74
0cef6452-1583-4718-8b44-fab26aaf7395,XL,Mushroom - Porcini Frozen,Computers,$29.37
dbffb4a6-732c-4f1a-8f57-706b38089505,L,Sprouts - Corn,Beauty,$36.68
be39cb43-5223-4216-81ab-1cf0610cadaa,S,Sugar - Individual Portions,Movies,$86.74
2e5317d1-58f6-4141-b2af-1185c11d7dca,2XL,"Lamb - Whole Head Off,nz",Music,$2.95
fb723050-c374-4a03-af8a-7adc1dcbeb01,XS,"Pork - Bacon, Double Smoked",Games,$95.15
22b93931-3c42-4c0c-8ca9-38d68b291fb9,2XL,Table Cloth 54x72 Colour,Kids,$61.58
7e80065c-4e29-4853-850d-c27019e0f257,XS,Calypso - Lemonade,Sports,$40.20
abe73350-98c0-455a-8e68-8b0c1fb9d5ec,S,Langers - Mango Nectar,Sports,$67.61
4d3da650-5856-4f91-896c-2fa03b77fadc,XS,Ginger - Fresh,Computers,$28.58
86bc5122-c06e-4ed9-8647-79175f3b6570,L,"Veal - Chops, Split, Frenched",Home,$37.58
5edf93d5-98aa-4522-b68b-6a74ccda3904,3XL,"Nut - Pecan, Halves",Industrial,$90.49
cd121ca9-5267-4eee-bc4e-c6f21ccacacb,M,Soup - Base Broth Chix,Jewelry,$18.71
5a4cdcf9-a81e-4fad-9fc5-1243a57febd8,3XL,Rabbit - Whole,Music,$79.86
cd476038-e0ce-4b5c-9513-cdaf2cd5b1a7,3XL,Bread - Multigrain,Movies,$32.85
7ae99545-bbb3-4b4d-95d1-1467bf33d7bf,S,Macaroons - Homestyle Two Bit,Health,$65.39
72f3dda8-0e9c-4240-9a6c-eaa8a66d47b1,XL,Sauerkraut,Tools,$71.34
138ec5ca-5bf2-4a56-a845-5e2968858859,M,Coffee - Frthy Coffee Crisp,Industrial,$7.09
13b18095-b0af-4853-9a27-74106a538c6e,M,Olives - Nicoise,Automotive,$16.01
7a834429-1a38-485b-8384-be4c4e63ddf1,2XL,Cookie Double Choco,Garden,$48.97
f04d365c-2226-4603-986d-bf6944761052,XS,Sauce - Thousand Island,Movies,$72.27
b97086f9-631a-4af4-9121-fd8a2d812af0,L,The Pop Shoppe - Grape,Kids,$92.71
c9733aa0-243d-4fed-9dbe-fbd2de0e985c,M,"Chicken - Breast, 5 - 7 Oz",Music,$85.79
03518e42-210e-42a9-a603-c64f468e1163,M,Squash - Acorn,Outdoors,$1.48
a0677827-b575-4b37-9197-ba3410ee385b,XL,Ginger - Crystalized,Jewelry,$1.19
c38beb8b-f477-4f94-ae6d-9d04922cdf66,3XL,Versatainer Nc - 888,Electronics,$78.21
1033df88-0de6-4536-8a16-cc1aa746c658,2XL,Mix - Cocktail Strawberry Daiquiri,Industrial,$11.33
d49dac0f-c075-45c8-bbce-af863e0c897f,S,Energy Drink,Kids,$17.81
82bec40b-c834-41e0-a2f7-1819ad9e8802,S,Foil Wrap,Industrial,$38.58
a4ddb937-4c1d-446f-9500-2929bfa520c1,S,Wooden Mop Handle,Kids,$47.81
59db9343-7049-4213-83be-247dfe02c0ca,2XL,Cheese - St. Andre,Beauty,$91.68
89b31e27-baac-42e4-970c-ed969f3c8721,3XL,Beer - Camerons Cream Ale,Clothing,$75.47
aaa897c0-831d-45ac-a965-9d8db8454d6e,XS,"Sparkling Wine - Rose, Freixenet",Clothing,$84.91
a9b67ea1-a39e-4bb9-ab31-b1a2df672b66,XL,Honey - Lavender,Outdoors,$58.76
0218335d-0fd1-4055-affe-51f02c7a8853,2XL,Mace,Sports,$85.75
4d767e11-e14d-4abb-a812-ae5ba775043b,XL,"Oil - Food, Lacquer Spray",Electronics,$69.28
218d2c7c-25f1-4673-a69d-48cb6ae58643,M,Tomato Paste,Garden,$1.86
ae679dd9-11aa-4d18-8db5-89fca83c45b4,3XL,Cookie Dough - Chocolate Chip,Baby,$79.18
a0546807-82a5-4d85-9e72-5ef940d42f26,XS,"Lamb - Loin, Trimmed, Boneless",Beauty,$63.54
688106ce-b341-4ec5-8de6-6eb456592cc8,2XL,"Beer - Alexander Kieths, Pale Ale",Computers,$64.09
7b79485c-d95f-443d-a173-cbc8234c9da7,L,Herb Du Provence - Primerba,Games,$69.38
47f2a48a-959a-475a-b14b-a19e0138a5c9,L,"Wine - Red, Pinot Noir, Chateau",Industrial,$30.28
fce79a9a-9efd-45a0-9879-a61a586603d8,S,Longos - Chicken Wings,Toys,$25.44
06afbb42-0980-4855-98f4-1b564cf969ab,S,Beef Dry Aged Tenderloin Aaa,Tools,$54.56
a0379e95-b879-48f8-b8d9-482edc5817c2,S,Petite Baguette,Movies,$32.74
1981fbb8-9240-4889-b696-a452ba0d64b8,S,Island Oasis - Strawberry,Electronics,$77.88
3226b946-a493-4162-b4f6-7fd97e9f996c,3XL,Munchies Honey Sweet Trail Mix,Computers,$61.69
892c38e7-133c-4a61-b6ca-31e6faec3c2e,2XL,Canadian Emmenthal,Beauty,$2.88
78b08a90-3f1c-4cb0-8e7b-44f2d498e38b,S,Energy Drink - Franks Original,Outdoors,$22.75
af10748b-4124-4235-b69d-9d00eb526ca1,XL,Cheese - St. Paulin,Books,$73.66
c5984fe7-1061-4800-97d3-abaa2e7499ce,XL,Flax Seed,Music,$31.66
511444cb-9a75-4bfc-8c0e-7658f4e3816d,3XL,Wine - George Duboeuf Rose,Tools,$57.27
e6a04f57-8a75-4957-88cc-08f3c7decf0d,M,Cheese - Cheddarsliced,Books,$18.00
2ed9aca5-0edc-4192-84c6-53a8690d35ec,XL,"Cheese - Mozzarella, Buffalo",Kids,$17.28
8e74e714-3f3b-4e35-a272-74b82946fa03,S,Pepper - Orange,Beauty,$88.99
4450fcd4-26e4-4a5f-810f-bf2fa0756062,L,Yoplait Drink,Kids,$70.23
97cf48f6-0cd1-4ea1-af5b-3b16d5c512fb,M,Cocktail Napkin Blue,Games,$79.17
04b9dc55-1e4b-4689-80ae-d396d99379f6,L,"Turkey - Breast, Bone - In",Garden,$65.79
fe1d7f1c-98e2-4494-b06d-66660690f406,3XL,Cheese - Provolone,Outdoors,$95.56
81016d47-4d75-4578-88f0-a92a457b9eab,L,Chivas Regal - 12 Year Old,Garden,$99.29
2f9d8530-cdf9-414a-932d-b663b8995160,2XL,"Cheese - Havarti, Salsa",Sports,$28.89
b2dd96df-c02c-4868-b2d1-bf94e0c0b826,2XL,"Cake Circle, Paprus",Beauty,$14.12
ba764c95-4932-4641-bc30-87332de51074,3XL,Sherry - Dry,Jewelry,$38.48
7b0f05f7-9240-438f-9d71-56e200339275,XS,Sauce - Chili,Sports,$66.80
86e82d80-ae94-4f36-bab4-c9bced42e6c3,S,"Tart Shells - Barquettes, Savory",Baby,$80.39
7f992517-6e00-479a-838f-f7fc9b235407,XS,"Pasta - Fett Alfredo, Single Serve",Home,$57.27
a752aa49-0430-4b8b-b20c-fa41e9f19878,2XL,Cheese - Ricotta,Outdoors,$2.15
f8136685-9c89-4c12-9dd3-42fc94af10e1,XL,Nut - Pumpkin Seeds,Clothing,$65.75
c747da50-4bf4-414c-b82f-ed28d27def12,XS,"Mushroom - Chantrelle, Fresh",Garden,$44.75
cea890f8-ec5d-4940-9223-d76f7c4413bf,M,"Beans - Kidney, Red Dry",Home,$3.10
25f0bf4c-e9a1-41b5-9bb8-66854a1771e5,S,Ecolab - Ster Bac,Computers,$68.74
749563f0-0d99-401e-929e-ddab64f4d2dc,2XL,Duck - Fat,Computers,$21.31
dbd91f0c-ee00-431e-bd82-1d4a48561426,S,Flour - Whole Wheat,Grocery,$62.88
9fdfdbdc-9284-4aec-9582-8399280f111c,L,Veal - Striploin,Baby,$13.99
a9365007-061e-4155-9841-8349aee17935,L,"Nut - Pecan, Pieces",Kids,$90.06
e83fc850-a407-4366-84da-25a23be780c1,M,"Water - Mineral, Natural",Movies,$53.15
81b28aa3-954c-48ac-b20d-58b00bb37acf,XS,Food Colouring - Blue,Beauty,$42.85
27da1337-c364-4f08-8562-e1ebe739a42d,2XL,Kohlrabi,Grocery,$24.52
6328c2b3-a274-48a7-b274-a876c51a1003,2XL,"Juice - Orange, 341 Ml",Outdoors,$55.88
2af42a05-e5ad-4647-be2a-b08e0f7235d8,L,Beef - Short Loin,Grocery,$77.84
63c3a37b-97f4-4626-8b0f-274b1f33b016,3XL,Potatoes - Peeled,Beauty,$4.81
e44bf1ad-b6c2-4df7-aba9-31fdb4464c75,M,Bread - Italian Sesame Poly,Health,$61.07
5ac3a050-776a-494f-a754-167904698165,S,"Oil - Truffle, Black",Baby,$83.51
54bce2cb-a583-4f93-9cd2-68200d55cda6,L,"Wine - Red, Cabernet Sauvignon",Toys,$10.00
ab94199f-41d2-4174-95d6-ffab8f7873d7,3XL,Spinach - Spinach Leaf,Automotive,$17.75
84a57dcc-1c36-461e-a00d-e45b945fdc4a,3XL,"Mop Head - Cotton, 24 Oz",Toys,$20.30
6bc2dc12-b9f0-4c15-8bd4-c18dfa1abd5c,M,Beef - Tenderloin - Aa,Automotive,$73.99
8c3822ac-182a-4db8-8d8a-cdc32afeebe9,2XL,"Olives - Green, Pitted",Jewelry,$87.40
241286c1-5538-4a28-8d0f-ce1c16277bc8,S,Olives - Morracan Dired,Automotive,$60.70
70a47dba-a65f-4586-b315-f974f34be9ab,S,"Beef - Tenderlion, Center Cut",Electronics,$20.40
d6d6a8b1-2a22-4bc7-b47f-f711bc30909d,3XL,Lid - 0090 Clear,Grocery,$3.90
60a7ea9a-a151-4c43-aa77-05c126cdccdc,XS,Taro Leaves,Kids,$96.40
55b10e88-2fb1-446e-946c-2e73e3d2a8de,M,Cod - Black Whole Fillet,Garden,$17.53
6d9f0ab1-444f-4c07-a270-809e3998667f,S,"Carrots - Mini, Stem On",Beauty,$70.06
35bd34a9-1900-419c-8408-7b3e96386fa9,2XL,Chicken - Base,Music,$75.96
4ca22920-b08d-4102-807c-733c4c062dda,2XL,Blueberries - Frozen,Sports,$26.83
eee887c7-4a4f-41e3-92fa-34712ab4a7b8,2XL,Flour - Cake,Games,$58.65
4e7b6623-3b3e-4c7b-899c-97df1a33ab08,2XL,Pork - Smoked Back Bacon,Home,$16.06
33511fd9-67d0-4513-9a6d-5749c5ac84c7,2XL,Chocolate - Semi Sweet,Beauty,$46.75
2a4d4315-014d-455b-81fe-542aed291311,S,Beef - Tenderloin,Jewelry,$38.78
98e1bbbd-76e3-4a94-a130-3bfb4de99305,XS,Nantuket Peach Orange,Automotive,$74.08
d9f7a1ba-d20a-4407-b728-6159e0de4956,2XL,"Doilies - 7, Paper",Home,$1.39
22b87cd3-9276-4322-b3d8-e7e41d0ee547,XS,"Doilies - 12, Paper",Tools,$63.96
1ebdb36a-59f6-4e15-b536-8db08d88fd39,S,Sauce - Plum,Music,$52.02
59ff4c8e-cf20-46af-9726-14af12a1c412,3XL,Chocolate - Dark,Automotive,$19.95
62c066f0-2070-4b7e-a734-bf495afbca4d,L,Soup - Campbells - Chicken Noodle,Games,$54.22
0fd3c156-5550-4b95-8379-73e362966c06,M,Shallots,Baby,$38.54
3773281b-4c6e-47f0-a456-4849615f6ede,S,Aspic - Light,Outdoors,$85.82
b6bd9b7c-6ecc-4a98-9eaa-927f14a41dcc,M,"Napkin - Dinner, White",Music,$30.29
aac63186-ee43-477c-825a-6388e1b2c7d5,2XL,Chips - Doritos,Industrial,$96.63
7d532f74-4960-4a3d-a225-ae18f30029d8,XS,Muffin Batt - Choc Chk,Computers,$33.22
6794569e-c610-4bd0-b3aa-205cefbfdab1,M,Bread - Hot Dog Buns,Industrial,$87.70
51761165-a0d7-483c-a454-adf6bd90f2a2,L,Wine - Dubouef Macon - Villages,Baby,$86.18
e3990bbf-e0be-4100-b786-65784839e04b,XL,Beer - Pilsner Urquell,Movies,$44.04
b2d0ca2e-e99a-41a2-a1bc-a6b2a0893b92,M,Cheese - Goat With Herbs,Computers,$33.18
69a011fa-8c3d-44b6-810c-cd4bf47ed6d2,3XL,Wine - Chardonnay Mondavi,Computers,$3.51
2f458aec-ed46-4b6d-9676-f87640fd4056,M,Spice - Chili Powder Mexican,Jewelry,$56.89
21e3e0a3-2adb-4ea0-a634-4ed802f44de5,L,Mackerel Whole Fresh,Sports,$57.75
de5d4e8c-35a6-4c01-a712-8e68789e4cd2,XS,Pasta - Canelloni,Music,$30.54
8df3ca51-e8d1-418d-bb4a-3f4a17c0d4e0,XS,Broccoli - Fresh,Automotive,$12.06
acf6daf3-d007-4afd-abf9-9917a49bc1f5,M,Pork - Suckling Pig,Shoes,$93.24
dfc94688-01dc-4105-b71e-8cf9848f1815,M,Artichokes - Jerusalem,Computers,$41.04
277815b7-0b49-44f9-9d86-73ce4cf7ca16,S,Cheese - St. Paulin,Industrial,$11.51
18f2c3c5-5039-4faa-ba54-c1dba9d7c535,3XL,Pop Shoppe Cream Soda,Jewelry,$50.21
e997165d-f88b-4154-8a14-d69a49681c7e,L,"Pork - Tenderloin, Fresh",Garden,$20.51
861b9f9b-a2f7-42f2-8574-0ccb5683fe46,S,Cocoa Feuilletine,Tools,$17.51
d25573de-74a2-469d-bccc-5ad77a46bc11,M,Ice Cream Bar - Drumstick,Jewelry,$48.53
a1a2d62f-7323-4c00-8287-3adc14770908,L,Cheese - La Sauvagine,Sports,$67.01
634ccf70-a1ca-4f28-994d-d0c1842f1176,S,Buttons,Movies,$36.72
0b3e7314-3010-4913-8c19-d36672b0cb48,L,Greens Mustard,Electronics,$83.18
17828dfb-fd68-4bfd-a40b-6ac638b1bb18,2XL,"Soda Water - Club Soda, 355 Ml",Games,$32.08
905c3987-60eb-477d-b37b-9d2d5959a368,S,Pepper - Sorrano,Industrial,$54.24
e73e5c67-d686-42d6-9f37-f8150880cc44,XS,Energy Drink - Redbull 355ml,Outdoors,$24.16
27493445-de05-4a25-a5d4-0196d21fa367,2XL,Pepperoni Slices,Baby,$12.87
39145ffe-f89c-489a-97c4-08012729ce82,M,Pecan Raisin - Tarts,Jewelry,$25.58
1e48bc42-7f2e-4140-a56e-fd493d23d56d,M,"Pork - Sausage, Medium",Clothing,$14.09
3866334c-3cec-42ea-a760-3cbbdf3ec52c,2XL,Napkin White,Shoes,$16.63
ce3e3e34-6026-4650-81d0-3eb7b004183a,2XL,Oats Large Flake,Shoes,$11.94
5af70900-89c5-4a3f-a102-12411c509fc3,2XL,Wasabi Paste,Tools,$47.23
1bb19553-f1dd-464f-9beb-a6694172c475,XL,"Coke - Classic, 355 Ml",Clothing,$73.57
316cb53c-5341-49e3-9f09-afc74818f8ee,2XL,Sloe Gin - Mcguinness,Baby,$2.46
076982af-7fde-4942-8ee7-2f832ad6d4df,XL,Foil Cont Round,Grocery,$77.49
a28c3a1f-a63c-4a48-a65d-b2b9d7fc68b5,S,Beef - Tenderloin,Music,$79.51
1452d348-0c63-43b9-a1da-842e2a9956f1,XS,Wonton Wrappers,Jewelry,$80.70
ea91e9d4-7af9-4349-95a8-5678776ebecd,XL,Mint - Fresh,Computers,$92.83
ea6645ee-f698-4ae0-90e4-bec984a0c230,2XL,Chicken Breast Wing On,Electronics,$78.15
99a50787-7db4-40fd-a571-2e9971377320,3XL,Wine - Hardys Bankside Shiraz,Baby,$82.47
a01c3724-deac-4892-82f4-37d5b22546e3,XL,Garlic,Automotive,$14.08
66764d07-0983-4c6d-b302-9aafc7a71f36,XS,Cheese - Parmesan Grated,Movies,$51.77
fcdf624c-78a6-45e6-b5e6-5e46aed85e01,XL,Cornflakes,Shoes,$46.20
fd42260e-80c4-46ff-9f46-092c06a1224f,S,Jameson Irish Whiskey,Clothing,$95.08
0cbcba3e-5bb9-496b-8e03-0fc3da9f0aa8,XS,Snapple Raspberry Tea,Music,$26.03
fc789bb1-0d74-4068-a768-12457120bbd8,2XL,"Tea - Darjeeling, Azzura",Kids,$27.99
cfc7f621-35d9-4df4-94e9-4ad5ed3a3877,XS,Muffin Mix - Corn Harvest,Electronics,$93.94
77d43089-7ff6-46eb-8721-be7038a592df,XL,Pastry - Apple Large,Kids,$6.30
